id,title,year,course_unit,subunit,old_category
"ccf06f8e-b252-423a-a537-11ca0943696e","MEDICAL MYCOLOGY — SHORT ANSWER QUESTIONS","3","Medical Microbiology and Parasitology","Medical Mycology","Year 3: Medical Mycology"
"3eeeb28f-f18a-4255-889c-b505df592737","Breast Carcinoma: Understanding Types, Receptors & Treatment","3","General & Systemic Pathology","Breast Pathology","Year 3: Breast Pathology"
"499e2e1f-0b3d-4a44-be8b-acc0f89af7ac","CELLULAR INJURY AND ADAPTATION MCQs","3","General & Systemic Pathology","Gastrointestinal Pathology","Year 3: Gastrointestinal Pathology"
"8b69fd0b-4383-4db2-8ae0-c5d180760a52","Medical Bacteriology and Entomology Exam 2018/2019","2","Principles of Microbiology and Parasitology","Microbiology","Year 2: Microbiology"
"ffa3ed09-38c3-4684-aa14-c19518556c3c","Medical Entomology Cat Practice","2","Principles of Microbiology and Parasitology","Parasitology","Year 2: Parasitology"
"a576d3d9-e3ce-4338-a62f-b03f922f4589","Clinical Genetics: Master Mendelian Disorders & Molecular Basis","3","General & Systemic Pathology","Genetic Disorders","Year 3: Genetic Disorders"
"0cc97ebe-0517-4b7b-b74b-7b133ef8b6b0","Lower Limb and Knee Joint Anatomy MCQs","1","Human Anatomy I","Anatomy","Year 1: Anatomy"
"b8b9c446-1a5b-47a1-8d49-7168ccfa8d22","Lung Pathology","3","General & Systemic Pathology","Respiratory System Pathology","Year 3: Respiratory System Pathology"
"6f55be10-d2ec-4dc1-bbe5-7fe8381086b9","Master Medical Mycology: MKU Exam Guide for Fungal Diseases","3","Medical Microbiology and Parasitology","Medical Mycology","Year 3: Medical Mycology"
"c43006a9-49c5-4341-a86a-f78628d068a1","Urinary Tract Obstruction & Hydronephrosis: Causes, Symptoms","3","General & Systemic Pathology","Male Reproductive and Urinary System Pathology","Year 3: Male Reproductive and Urinary System Pathology"
"043d6aa5-80b6-48fb-8cf8-9ebb32ea442c","General Pathology MCQs: Fixatives, FNA, Endocrine & ARDS","3","General & Systemic Pathology","General Pathology","Year 3: General Pathology"
"b4960603-82c1-4098-a505-02500a98079e","Benign Breast Epithelial Lesions: Types, Risk & Pathology","3","General & Systemic Pathology","Breast Pathology","Year 3: Breast Pathology"
"ea573e98-ff38-4dd4-b216-d68cab1592b5","Stromal Tumors: Fibroadenoma & Phyllodes Tumor Pathology","3","General & Systemic Pathology","Breast Pathology","Year 3: Breast Pathology"
"7797688c-7bf5-47e5-9911-d95513648161","Breast Inflammation: Mastitis, Periductal Mastitis & Duct Ectasia","3","General & Systemic Pathology","Breast Pathology","Year 3: Breast Pathology"
"7f72709b-62ae-4234-b0b6-478d053ac684","ACID-BASE DISORDERS - CLINICAL CASE MCQs","3","General & Systemic Pathology","Respiratory System Pathology","Year 3: Respiratory System Pathology"
"d8fa9c92-78cc-43cc-91e0-a731208ec3b8","Renal Vascular Diseases: Nephrosclerosis & Renal Artery Stenosis","3","General & Systemic Pathology","Male Reproductive and Urinary System Pathology","Year 3: Male Reproductive and Urinary System Pathology"
"b13a3a5a-ceb4-49cc-a1c0-ef516fba3c9c","Pigmentation & Melanocyte Disorders: Nevi, Freckles Pathology","3","General & Systemic Pathology","Breast Pathology","Year 3: Breast Pathology"
"584b467c-0606-4c0e-aa8f-040d83421e0c","Community Health: Principles, Concepts & Diagnosis Guide","3","Community Health","Community Health","Year 3: Community Health"
"9f8daef9-7582-4f7d-8f23-a5588b663adf","Blood Transfusion: ABO, Rh Blood Groups, Compatibility & HDN","3","Hematology and Blood Transfusion","Blood Transfusion","Year 3: Blood Transfusion"
"ef1a7f99-7653-4535-b148-19e8877c2075","Haemostasis & Coagulation: Platelet Function & Bleeding Disorders","3","Hematology and Blood Transfusion","Blood Transfusion","Year 3: Blood Transfusion"
"fcf197c0-b3ae-4473-baab-d88da4b5f839","Blood Transfusion Contraindications & Acute Reactions","3","Hematology and Blood Transfusion","Hematopathology","Year 3: Hematopathology"
"bc64a3fa-c99f-419d-b818-47c0898a9881","Medical Mycology: Fungi Properties, Benefits & Harmful Effects","3","Medical Microbiology and Parasitology","Medical Mycology","Year 3: Medical Mycology"
"9f8419f9-27e7-4b17-89fc-545036a916c7","Oncopathology MCQs: Test Your Knowledge on Cancer Pathology","3","General & Systemic Pathology","Oncopathology","Year 3: Oncopathology"
"ea279fe7-551d-4c87-b985-323ac6fb97b6","Medical Fungi: Classification, Morphology, Reproduction & Spores","3","Medical Microbiology and Parasitology","Medical Mycology","Year 3: Medical Mycology"
"f67e2004-1de6-4b84-ae7a-8693051de36d","Mycoses: Fungal Pathogenesis, Virulence & Host Immune Defense","3","Medical Microbiology and Parasitology","Medical Mycology","Year 3: Medical Mycology"
"e3c6904c-3c07-4e28-ac08-e17e00196cc9","Master First-Year Anatomy: Must-Know Essays & Key Concepts","1","Human Anatomy I","Anatomy","Year 1: Anatomy"
"148803e7-ccc6-422d-a675-0fb78ce5cea8","Analytical Techniques and Laboratory Principles","1","Medical Biochemistry I","Carbohydrate Metabolism and Bioenergetics","Year 1: Carbohydrate Metabolism and Bioenergetics"
"7dade3ab-bf8f-4424-8b45-7d0a4f8ff5f9","DISORDERS OF THE LOWER URINARY TRACT — Revision Notes","3","General & Systemic Pathology","Male Reproductive and Urinary System Pathology","Year 3: Male Reproductive and Urinary System Pathology"
"59384604-9e23-49c8-8599-d1dcd764c66f","GASTROINTESTINAL PATHOLOGY (Part 1)","3","General & Systemic Pathology","General Pathology","Year 3: General Pathology"
"ac1c4907-be3b-4a36-9bd4-5040dae4bdfc","Gastrointestinal System: Symptoms, Diseases, & VINDICATE Guide","3","Clinical Techniques","Clinical Techniques","Year 3: Introduction to Clinical Techniques"
"aff56e70-80d0-4e82-9dac-d3d734d194b8","Mastering Joint Pathology: Arthritis, OA & Joint Anatomy","3","General & Systemic Pathology","Bone and Soft Tissue Pathology","Year 3: Bone and Soft Tissue Pathology"
"ec0d95b4-aceb-409d-bbef-f15088fe1210","Disorders of the Vagina and Breast","3","General & Systemic Pathology","Breast Pathology","Year 3: Breast Pathology"
"0f5655da-913d-400f-8032-4b8ca98abc11","General Pathology MCQs: Cancer, Tumors & Molecular Path Review","3","General & Systemic Pathology","General Pathology","Year 3: General Pathology"
"88e06805-a632-4109-bf3d-0bb895aec903","ACIDOSIS AND ALKALOSIS MCQs","3","Hematology and Blood Transfusion","Hematopathology","Year 3: Hematopathology"
"e575f1a9-e85a-44c6-bd30-ff6f5b64fc66","General Clinical Examination: Revision Notes & Key Signs","3","Clinical Techniques","Clinical Techniques","Year 3: Introduction to Clinical Techniques"
"e32b558c-e957-4cdd-a612-1372396d4263","ANATOMY MCQs","1","Human Anatomy I","Anatomy","Year 1: Anatomy"
"22888b16-2692-490d-b7d9-2744c58bda25","Defects in DNA Repair and Replication","3","Hematology and Blood Transfusion","Hematopathology","Year 3: Hematopathology"
"bf8d8ef7-164e-4ac0-835a-ab75e875e0dc","Cardiovascular Disease and Biochemical Markers MCQs","3","General & Systemic Pathology","Cardiovascular System Pathology","Year 3: Cardiovascular System Pathology"
"91503f5a-61a0-4d80-bf8b-f473aaa1dcbd","Test","2","Medical Biochemistry II","Molecular Biology","Year 2: Molecular Biology"
"ac44d724-0955-4975-910b-aae0148879cb","Medical Virology: Adenoviruses, Hemorrhagic Fever & Viral Receptors","3","Medical Microbiology and Parasitology","Medical Virology","Year 3: Must Know Virology"
"d1ad1281-de64-475a-a9d9-995f44d51dff","Medical Bacteriology &amp; Entomology 2021/2022 Q&amp;A","2","Principles of Microbiology and Parasitology","Microbiology","Year 2: Microbiology"
"ee5492ab-fb9e-4dd9-829b-ee6a57e23ee4","Platelet Disorders","3","Hematology and Blood Transfusion","Hematopathology","Year 3: Hematopathology"
"dfdea184-a929-46dd-a20e-7a637d93119f","Pathology of Demyelinating Diseases: MS, NMO, ADEM, CPM","3","General & Systemic Pathology","Neuropathology","Year 3: Neuropathology"
"ec93296f-fe45-4170-a72d-01f09e256997","Bone & Soft Tissue Pathology: Cases, Tumors, & Answers","3","General & Systemic Pathology","Bone and Soft Tissue Pathology","Year 3: Bone and Soft Tissue Pathology"
"f5193605-b074-4436-b9c8-03a43e11e9b8","Medical Virology: Parvovirus B19 & Adenovirus Exam Guide","3","Medical Microbiology and Parasitology","Medical Virology","Year 3: Medical Virology"
"ffa29ec5-8f85-49f5-bc35-ea4c3130fcac","RESEARCH METHODOLOGY & INTRODUCTION TO RESEARCH","2","Epidemiology and Biostatistics","Epidemiology and Statistics","Year 2: Epidemiology and Statistics"
"bf3a96fc-6f33-4709-ae02-d3866bf1ba87","Sleep Physiology Examination Paper","2","Medical Physiology II","Physiology","Year 2: Physiology"
"e88b26d9-5327-4556-b246-c76d1e8b0a35","Epidemiology And Biostatistics","2","Epidemiology and Biostatistics","Epidemiology and Statistics","Year 2: Epidemiology and Statistics"
"1992a755-7359-4c4d-b30c-805144e0855a","Neuropathology Essentials: Edema, Hydrocephalus, Brain Herniation","3","General & Systemic Pathology","Neuropathology","Year 3: Neuropathology"
"5dc964a2-6440-4814-ac75-9fdfb9410821","CARDIOVASCULAR PATHOLOGY","3","General & Systemic Pathology","Cardiovascular System Pathology","Year 3: Cardiovascular System Pathology"
"3f1134e7-2fc3-4b15-8451-eef4d150c7ac","Master Rhinoviruses & RVFV: Common Cold & Zoonotic Fever","3","Medical Microbiology and Parasitology","Medical Virology","Year 3: Medical Virology"
"194d5379-1ef2-4545-84b3-3507edb6cc94","GIT and CNS Physiology MCQs","2","Medical Physiology II","GIT Physiology","Year 2: GIT Physiology"
"76950035-f777-44c2-a486-4eaeae5731c8","Medical Physiology Pp2 Year 2","2","Medical Physiology II","Physiology","Year 2: Physiology"
"3041fa92-88bc-47e4-990a-804517da7f5c","ENDOCRINE PATHOLOGY","3","General & Systemic Pathology","Endocrine and Metabolic Pathology","Year 3: Endocrine and Metabolic Pathology"
"3b3ab8d9-1b8a-4fe1-b913-8ac369842086","Antifungals, Antivirals, Antihelminthics & Antiprotozoals","3","Basic Pharmacology","Basic Pharmacology","Year 3: Basic Pharmacology II"
"2470032d-1454-42ac-a081-f6e37998dd7f","Medical Mycology Q&A Section A.. ","3","Medical Microbiology and Parasitology","Medical Mycology","Year 3: Medical Mycology"
"21757872-1519-4abd-9557-12415d8f2b78","Medical Physiology II (Paper 2)","2","Medical Physiology II","Physiology","Year 2: Physiology"
"44b09693-f41d-40dc-befa-7b594755788c","Immunology Quiz","2","Immunology","Cellular Immunology","Year 2: Cellular Immunology"
"a999e181-eba9-483a-b6b7-cb858d46af6a","Integrated Tissue Metabolism MCQs","1","Medical Biochemistry I","Enzymes, Vitamins and Minerals","Year 1: Enzymes, Vitamins and Minerals"
"52fe3a7a-fab3-4829-92c4-31d66493091f","Medical Mycology Q&A Section B","3","Medical Microbiology and Parasitology","Medical Mycology","Year 3: Medical Mycology"
"e2143678-b328-45e6-b7cf-6f6336aec278","TUMOR SUPPRESSOR GENES & CELL CYCLE CONTROL MCQs","2","Medical Biochemistry II","Molecular Biology","Year 2: Molecular Biology"
"a2af75b6-fcbc-4314-8ef9-86c9e2232557","White Matter Fibres of the Brain","1","Human Anatomy I","Anatomy","Year 1: Anatomy"
"7ffd5f08-b8a9-4cdd-aa5a-71bb34364401","Pathology Mechanisms: Inflammation, PE, & Impaired Healing","3","General & Systemic Pathology","General Pathology","Year 3: Introduction to Pathology"
"4d7edcf6-517a-4eb9-8dcc-226d602931d8","MASTER PHARMACOLOGY NOTES","3","Basic Pharmacology","Basic Pharmacology","Year 3: Basic Pharmacology II"
"db5b04d0-cb30-41ac-ba2a-2cbc15048d33","Medical Mycology Q&A Section C","3","Medical Microbiology and Parasitology","Medical Mycology","Year 3: Medical Mycology"
"e4e9c1e8-45a6-4154-8b27-1c48664603a3","Hallmarks of Cancer: Molecular Basis, Cell Cycle & Oncogenes","3","General & Systemic Pathology","General Pathology","Year 3: General Pathology"
"5754bfe9-f0a2-4d3b-afa1-e0f636af0d6f","Medical Physiology GIT MCQs","2","Medical Physiology II","Physiology","Year 2: Physiology"
"c0e8fd68-19b6-4a17-9638-efc3ba77c4ef","Immunopathology Exam: SCID, Transplant Rejection & GVHD","3","Immunopathology","Immunopathology","Year 3: Immunopathology"
"394388b1-8286-4802-9626-bff8811384e9","Comprehensive Heart Pathology Notes 🫀","3","General & Systemic Pathology","Cardiovascular System Pathology","Year 3: Cardiovascular System Pathology"
"3295f73f-8488-4170-90d0-dfa00f94d06d","Aseptic Techniques in Microbiology Laboratory","2","Principles of Microbiology and Parasitology","Microbiology","Year 2: Microbiology"
"007ff8a1-d840-49c7-9424-2a02f1024930","Heart Pathology: Comprehensive Short Notes","3","General & Systemic Pathology","Cardiovascular System Pathology","Year 3: Cardiovascular System Pathology"
"b7fc81fe-ee11-4126-a7a3-e2e4b9a512c8","Herpesviridae: HSV-1, HSV-2 Pathogenesis & Clinical Diseases","3","Medical Microbiology and Parasitology","Medical Virology","Year 3: Medical Virology"
"1629d0d4-1616-45f3-947b-67463aba0aba","Digestive Physiology MCQs","2","Medical Physiology II","GIT Physiology","Year 2: GIT Physiology"
"061820bb-1f88-4a1c-ac40-577c1762347c","General & Systemic Pathology SAQ — Paper II","3","General & Systemic Pathology","General Pathology","Year 3: Exam General and Systemic Pathology"
"5b0663cd-3e2b-4287-b206-956a738e0713","High-Yield Medical Mycology: Top CAT Exam Questions & Drugs","3","Medical Microbiology and Parasitology","Medical Mycology","Year 3: Medical Mycology"
"20154185-e78a-4b26-b91c-416422cf2b6e","Polymerase Chain Reaction (PCR)","2","Medical Biochemistry II","Molecular Biology","Year 2: Molecular Biology"
"e486f428-24cb-44b7-9113-a82f877481e8","Specimen and Sample Handling in Clinical Diagnosis","3","Chemical Pathology","Chemical Pathology","Year 3: Chemical Pathology"
"90467770-9f70-4027-b637-d23f2ffb743e","Master Blood Transfusion: A Medical Quiz on Reactions & Tests","3","Hematology and Blood Transfusion","Blood Transfusion","Year 3: Blood Transfusion"
"493feb9e-1ffd-4660-9131-a480b6edc43b","Genetic Disorders MCQ Examination","2","Medical Biochemistry II","Molecular Genetics and Cytogenetics","Year 2: Molecular Genetics and Cytogenetics"
"1e5ba7f1-f025-4e10-8889-389a4d885bbf","Cestodes (Tapeworms)","2","Principles of Microbiology and Parasitology","Parasitology","Year 2: Parasitology"
"17dc932c-7f44-4ca6-ba57-18c104110ea2","Histopathology & Cytopathology: Tissue Fixation & Exam Guide","3","General & Systemic Pathology","Histopathology & Cytopathology","Year 3: Histopathology & Cytopathology:"
"73ae00c4-0c17-46e6-b1e9-5460cbcf9502","INTRODUCTION TO GENETIC DISORDERS AND MUTATIONS MCQs","2","Medical Biochemistry II","Molecular Genetics and Cytogenetics","Year 2: Molecular Genetics and Cytogenetics"
"eef16a5f-80ec-4318-a970-9d948c004e28","Medical Physiology Paper I","2","Medical Physiology II","Physiology","Year 2: Physiology"
"e0aa7e9d-ec9f-418b-944d-e6a2fa233d24","Liver Function Tests (LFTs)","3","Chemical Pathology","Chemical Pathology","Year 3: Chemical Pathology"
"46ea4307-9e85-4bb1-9881-d1625fb85a3d","Principles of Medical Microbiology and Parasitology MCQs","2","Principles of Microbiology and Parasitology","Parasitology","Year 2: Parasitology"
"46131691-6afb-43f5-8c61-2a5bdeb50a46","MYCOLOGY MCQs — Complete Bank","3","Medical Microbiology and Parasitology","Medical Mycology","Year 3: Medical Mycology"
"1ebc9918-6ee2-452d-85a4-c1c75ba87939","EXAM: Vaccines & Antivirals, Rabies, CMV & EBV, Adenovirus & Enteroviruses","3","Medical Microbiology and Parasitology","Medical Virology","Year 3: Medical Virology"
"ecd7be8b-3eba-47e8-8b98-5511d8262d64","EXAM: Hepatitis Viruses, Oncogenic Viruses, Paramyxoviruses & Arboviruses","3","Medical Microbiology and Parasitology","Medical Virology","Year 3: Medical Virology"
"d3c7d066-5d02-45d9-bc15-e4059350859b","Parasitology, Entomology and Bacteriology Question &amp; Answers","2","Principles of Microbiology and Parasitology","Parasitology","Year 2: Parasitology"
"64d58490-0228-4109-8d96-35105b3feff9","Chemical Pathology Practice Examination","3","General & Systemic Pathology","General Pathology","Year 3: General Pathology"
"8183904a-f139-497f-a8fc-2aee150f4017","Immunopathology Cat: Hypersensitivity & Anaphylaxis MCQs","3","Immunopathology","Immunopathology","Year 3: Immunopathology"
"558d5138-78da-426b-a7c3-555c9b97e59a","Pharmacology Examination MCQs","3","Basic Pharmacology","Basic Pharmacology","Year 3: Basic Pharmacology II"
"6bcccc1c-b6cc-4556-835a-13d9195e057c","Congenital Heart Disease","3","General & Systemic Pathology","Cardiovascular System Pathology","Year 3: Cardiovascular System Pathology"
"e6040970-8c63-4206-9305-1bfd107d78cc","EXAM: Bacteriophages, Laboratory Diagnosis, HPV & Parvovirus B19","3","Medical Microbiology and Parasitology","Medical Virology","Year 3: Medical Virology"
"ea5add0f-cd75-44f4-adb3-cb2ac33ef717","Pathology CAT 1: Cell Injury, Metaplasia & Hypoxia Q&A","3","General & Systemic Pathology","General Pathology","Year 3: Introduction to Pathology"
"d5b52182-b343-423a-a372-fe770eac9463","","2","Principles of Microbiology and Parasitology","Microbiology","Year 2: Microbiology"
"ad47bbba-ca52-4e9c-86c6-933864402820","MEDICAL BACTERIOLOGY (MBMM3311) - MCQs","2","Principles of Microbiology and Parasitology","Microbiology","Year 2: Microbiology"
"ce08bfa7-871f-4b12-991e-851a2035d771","ONCOPATHOLOGY MCQs - HALLMARKS OF CANCER","3","General & Systemic Pathology","General Pathology","Year 3: General Pathology"
"b22c8ae8-0aaf-448c-a6ec-b1f921666235","MBChB Year 3 Medical Virology Exam Notes: HSV, CMV, EBV","3","Medical Microbiology and Parasitology","Medical Virology","Year 3: Medical Virology"
"ef61c80e-1e66-4624-a4a6-7192ee43d8a3","Introduction to Oncology: History, Genetics & Immuno-oncology","3","Basic Pharmacology","Basic Pharmacology","Year 3: Basic Pharmacology II"
"23cfdccc-f515-4199-97f4-e4a550810730","Mechanisms of Hormone Action","1","Medical Physiology I","Neurophysiology I","Year 1: Neurophysiology I"
"f63f63da-62cb-4d72-9809-83357c256c06","Oncopathology Explained CAT : Cancer Hallmarks, Carcinogens & Tumors","3","General & Systemic Pathology","Oncopathology","Year 3: Oncopathology"
"1d8d64ce-a99a-4a9a-a5ed-8dddd9fe22c0","MEDICAL MYCOLOGY — LONG ANSWER QUESTIONS","3","Medical Microbiology and Parasitology","Medical Mycology","Year 3: Medical Mycology"
"1d281c24-b5a8-4ff7-9c61-94310fe2139f","MKU Medical Virology Exam Guide: HIV, CMV, Vaccines & More","3","Medical Microbiology and Parasitology","Medical Virology","Year 3: Medical Virology"
"369a35f1-d8f4-4dea-b610-7c33f2fe7af7","CLINICAL BIOCHEMISTRY MCQs","2","Immunology","Cellular Immunology","Year 2: Cellular Immunology"
"5dc38c34-df55-4204-9425-fc7fcb210f19","Gastrointestinal Pathology Exam: H. pylori, Barrett's, Anomalies","3","General & Systemic Pathology","Gastrointestinal Pathology","Year 3: Gastrointestinal Pathology"
"50dbd673-dc01-4f1a-9429-8de8dc035725","Oncology: Surgery, Radiotherapy & Chemotherapy Explained","3","Basic Pharmacology","Basic Pharmacology","Year 3: Basic Pharmacology II"
"c1cb6b57-f29d-4883-a9ef-736581458302","MICROBIOLOGY AND PARASITOLOGY MCQs","2","Principles of Microbiology and Parasitology","Parasitology","Year 2: Parasitology"
"99e6fa6d-0567-4972-a637-96e100819790","Outline of Female Reproductive Pathology","3","General & Systemic Pathology","General Pathology","Year 3: General Pathology"
"eb948af9-2b1c-4e77-961c-b2994e180a8f","Cancer Pharmacology: Cell Cycle, Oncogenes & Drug Targets","3","Basic Pharmacology","Basic Pharmacology","Year 3: Basic Pharmacology II"
"fe23f6a7-e01d-4b5d-9ac8-cf78b973cb88","Cell Cycle & Chemotherapy: Drug Mechanisms & Phases","3","Basic Pharmacology","Basic Pharmacology","Year 3: Basic Pharmacology II"
"390fc357-de99-45ad-90e1-187cdac2f944","Dna Replication","2","Medical Biochemistry II","Molecular Biology","Year 2: Molecular Biology"
"0d31a817-1830-47fa-b52a-3fac1bc3c117","Head & Neck Pathology MCQs: Oral, Ear, Throat & Gland Tumors","3","General & Systemic Pathology","Head & Neck Pathology","Year 3: Head & Neck Pathology"
"94108dad-7d21-421f-9801-4acb35332f18","ONCOPATHOLOGY - SHORT ANSWER QUESTIONS (SAQs)","3","General & Systemic Pathology","General Pathology","Year 3: General Pathology"
"89c47275-d9c4-43ff-b89d-52bb93d36599","-Know Sickle Cell Disease: Pathology, Genetics & Mechanisms","3","Hematology and Blood Transfusion","Hematopathology","Year 3: Hematopathology"
"4f30c9ff-3a67-4455-8bf4-ede1f6148987","Lower Urinary Tract & Ureter Pathology: Obstruction & Tumors","3","General & Systemic Pathology","Male Reproductive and Urinary System Pathology","Year 3: Male Reproductive and Urinary System Pathology"
"9ef3c5cd-004e-4b7d-af80-899f384ec14a","Pathology MCQs: Cell Injury, Cell Death, and Adaptations","3","General & Systemic Pathology","General Pathology","Year 3: General Pathology"
"5f937a40-812a-42ae-ac53-a4f8c4c4e386","Chemical Pathology: Endocrine Cases, Pituitary & Thyroid Q&A","3","Chemical Pathology","Chemical Pathology","Year 3: Chemical Pathology"
"4269e118-109a-4394-92f8-7583a4bf480a","Medical Physiology IV (CNS)","2","Medical Physiology II","Physiology","Year 2: Physiology"
"8a6a4e27-6e70-497c-96fe-0b2c320b6c15","Genetic Disorders MCQ Examination (Part 2)","2","Medical Biochemistry II","Molecular Genetics and Cytogenetics","Year 2: Molecular Genetics and Cytogenetics"
"f80d97cf-4334-45df-891e-64a4bfea6491"," Transfusion: Governance, Donor Selection & Blood Groups","3","General & Systemic Pathology","General Pathology","Year 3: Junior Clerkship - General Pathology I"
"cc1370f6-e8c7-4e3e-ac00-cfa10e577f2a","Cerebrovascular Disease: Stroke, Ischemia & Hemorrhage Explained","3","General & Systemic Pathology","Neuropathology","Year 3: Neuropathology"
"656c382f-db9f-4048-a720-a5d759707f4a","Chemical Pathology MCQs","3","General & Systemic Pathology","Endocrine and Metabolic Pathology","Year 3: Endocrine and Metabolic Pathology"
"70ec5251-42b2-44cf-adea-79db494ba86e","Historical Milestones in DNA Discovery","2","Medical Biochemistry II","Molecular Biology","Year 2: Molecular Biology"
"7a528db0-4b22-4d38-a889-0b66d3109b7b","Skin & Breast Pathology MCQs: Dermatological Lesions & Diseases","3","General & Systemic Pathology","Female Reproductive System Pathology","Year 3: Female Reproductive System Pathology"
"6641a1e9-9faf-487e-ab5b-399e8e34d491","Development of the Interatrial Septum","1","Human Anatomy I","Embryology","Year 1: Embryology"
"3e3824f4-922e-4ee7-aa1b-827f30a63811","Acute Tubular Injury (ATI): AKI Causes, Pathology & Prognosis","3","General & Systemic Pathology","Male Reproductive and Urinary System Pathology","Year 3: Male Reproductive and Urinary System Pathology"
"5fbc91f9-58dc-40c9-bfa3-951de180430b","Parasitology Examination","2","Principles of Microbiology and Parasitology","Parasitology","Year 2: Parasitology"
"cc71fad9-bd09-46ff-880b-2bf3639d208c","CVS History, Physical Exam & ECG: Master Clinical Assessment","3","Clinical Techniques","Clinical Techniques","Year 3: Introduction to Clinical Techniques"
"b1acf3c7-e634-4a14-8847-1b529ddea659","TABLES MUST KNOW( Entomology)","2","Principles of Microbiology and Parasitology","Parasitology","Year 2: Parasitology"
"9d27220a-856a-4ac8-9b23-9ecb797f999e","Transcription Factors","2","Medical Biochemistry II","Molecular Biology","Year 2: Molecular Biology"
"1e25c9e7-0f77-4cc9-b345-a71b7ca67998","MEDICAL PHYSIOLOGY II ESsays","2","Medical Physiology II","Physiology","Year 2: Physiology"
"f0919406-1c17-468e-ad04-63ed01b065fd","Chemical Pathology","3","Chemical Pathology","Chemical Pathology","Year 3: Chemical Pathology"
"91f930be-0d43-4888-8330-a2ec540c3f29","Bladder Cancer & Urothelial Neoplasms: Types, Risks, Pathogenesis","3","General & Systemic Pathology","Male Reproductive and Urinary System Pathology","Year 3: Male Reproductive and Urinary System Pathology"
"c22b7ee9-6698-4359-bfe9-062d89fc548b","Pharmacology END SEM 3CAT: Drug Response, Bioavailability & Antifungals","3","Basic Pharmacology","Basic Pharmacology","Year 3 : Basic Pharmacology III"
"3894745c-5fbf-4ef5-bcd3-5219ee7553db","Pharmacology Wk 1 & 2","3","Basic Pharmacology","Basic Pharmacology","Year 3: Basic Pharmacology III"
"468608a2-01e0-4f55-9947-434f206f89ea","Calcium Homeostasis and Disorders","1","Medical Physiology I","Neurophysiology I","Year 1: Neurophysiology I"
"1b37fa08-53ac-4ed3-9704-97b465cdfbf6","Comprehensive Immunology Quiz","2","Immunology","Cellular Immunology","Year 2: Cellular Immunology"
"68641b6b-7c93-4e05-9bbc-b280891e9124","PATHOLOGY MCQs: CELL INJURY, DEATH, AND ADAPTATIONS","3","General & Systemic Pathology","General Pathology","Year 3: General Pathology"
"69cdc7a8-1b2a-441a-ab60-9956fd966818","INTRODUCTION TO NEOPLASIA MCQs","3","General & Systemic Pathology","General Pathology","Year 3: General Pathology"
"b61441a2-fce2-4e1e-b47a-501dc3947850","Oncopathology Hallmarks of Cancer MCQs","3","General & Systemic Pathology","General Pathology","Year 3: General Pathology"
"cec065fb-42f2-4cc1-9531-314373ad60a2","Anatomy Comprehensive Review","1","Human Anatomy I","Anatomy","Year 1: Anatomy"
"0171a092-e53c-4985-8d96-dcdd57f4b54f","CNS Pathology: Neuron & Astrocyte Injury, Reactions & Neurodegeneration","3","General & Systemic Pathology","Neuropathology","Year 3: Neuropathology"
"c0c25ddc-18e4-42c3-80c6-f55b858a7647","Head and Neck Anatomy MCQs","1","Human Anatomy I","Anatomy","Year 1: Anatomy"
"3d0368e4-ca1f-4ca7-99ba-8b7a1c9f4eca","Vital Signs Assessment","1","Medical Physiology I","Cardiovascular Physiology","Year 1: Cardiovascular Physiology"
"b144c6eb-9d22-48a0-b811-93c6ddda1786","General Pathology","3","General & Systemic Pathology","General Pathology","Year 3: General Pathology"
"88602d04-fa1d-4e6b-b9bf-5c6167ca76cd","END YEAR PP1 & PP2 2025 Physiology: MCQs for Medical School Exams","2","Medical Physiology II","Physiology","Year 2: Physiology"
"eeb34078-9794-4228-90f0-44da0fb3fd58","Pathology of Acute Skin Inflammation: Urticaria & Eczema","3","General & Systemic Pathology","Breast Pathology","Year 3: Breast Pathology"
"c2317981-2708-41f6-b81b-35a0638ec892","Types of Polymorphism","2","Medical Biochemistry II","Molecular Genetics and Cytogenetics","Year 2: Molecular Genetics and Cytogenetics"
"e5570ce6-84b0-4141-b124-18f49aa946bd","💊 Weeks 6 & 7 Must-Know Notes","3","Basic Pharmacology","Basic Pharmacology","Year 3: Basic Pharmacology III"
"1459bd9f-cdf0-44ee-9e02-0b4e85caddb8","Breast Pathology: Developmental Disorders, Pain, Discharge, Masses","3","General & Systemic Pathology","Breast Pathology","Year 3: Breast Pathology"
"ef90d847-3636-44bc-86be-5d26d798be91","🫀 MISSING TOPICS — ULTRA DEEP NOTES","3","General & Systemic Pathology","Cardiovascular System Pathology","Year 3: Cardiovascular System Pathology"
"358d768c-80ca-4e4e-8444-e2e1143977a9","SINGLE-GENE DISORDERS WITH ATYPICAL INHERITANCE MCQs","2","Medical Biochemistry II","Molecular Genetics and Cytogenetics","Year 2: Molecular Genetics and Cytogenetics"
"869ab62c-2c7e-4334-b16a-fde1678e11cc","Medical Bacteriology","2","Principles of Microbiology and Parasitology","Microbiology","Year 2: Microbiology"
"5aab8eb2-320c-42dd-8261-476975e211dd","END YEAR PP1 & PP2 2025 Physiology: MCQs for Medical School Exams","2","Medical Physiology II","Physiology","Year 2: Physiology"
"a9f7c42f-1831-49af-8ea1-29172e7a15b5","ONCOPATHOLOGY MCQ EXAMINATION HAllmarks of Cancer 1,2 &amp;3","3","General & Systemic Pathology","General Pathology","Year 3: General Pathology"
"fd646601-7f6e-4e59-a6e2-80269b0b6098","Herpesviridae: HSV-1, HSV-2, VZV Pathogenesis, Diagnosis, Treatment","3","Medical Microbiology and Parasitology","Medical Virology","Year 3: Medical Virology"
"5f6e10b3-b53f-4b4d-8843-afecb76a889e","Essential Human Communication Skills in Medicine","2","Human Communication Skills","Human Communication Skills","Year 2: Human Communication Skills"
"f7b1ba96-9487-4124-95f4-3a8bf4938f93","Infectious Arthritis: Bacterial, TB & Viral Joint Infections","3","General & Systemic Pathology","Bone and Soft Tissue Pathology","Year 3: Bone and Soft Tissue Pathology"
"3760740f-f17c-45e1-ab0e-4942df60d09c","Neurochemistry Test – Questions and Answers","3","General & Systemic Pathology","Endocrine and Metabolic Pathology","Year 3: Endocrine and Metabolic Pathology"
"aa88ed9b-d5ee-41c1-87be-906ea9b62400","COMPLEX MULTIGENIC AND CYTOGENETIC DISORDERS - 50 MCQs","2","Medical Biochemistry II","Molecular Genetics and Cytogenetics","Year 2: Molecular Genetics and Cytogenetics"
"d195783a-fb87-414c-82d6-8bf1ee361c4f","Herpesviruses: HSV-1, HSV-2, VZV, Symptoms, Diagnosis, Tx","3","Medical Microbiology and Parasitology","Medical Virology","Year 3: Medical Virology"
"433a2f1f-feac-4141-aef8-969717d8e91c","Inhibitors of Translation","2","Principles of Microbiology and Parasitology","Microbiology","Year 2: Microbiology"
"947c796d-8d56-4d31-8718-21c918f9af2e","Gene Transfer","2","Principles of Microbiology and Parasitology","Microbiology","Year 2: Microbiology"
"cf9e9026-797c-4b1c-98aa-cc315a71196f","Trichomonas","2","Principles of Microbiology and Parasitology","Parasitology","Year 2: Parasitology"
"e2f0610f-8534-4830-adcf-467f33b027b0","50 Multiple Choice Questions","3","General & Systemic Pathology","Endocrine and Metabolic Pathology","Year 3: Endocrine and Metabolic Pathology"
"ee8c269e-f49e-4b62-a75b-a6c564f51f5a","LIPID AND LIPOPROTEIN DISORDERS MCQs","3","General & Systemic Pathology","Endocrine and Metabolic Pathology","Year 3: Endocrine and Metabolic Pathology"
"4901fe8e-f704-4e0e-8721-883fa1e78e40","LECTURE 7: GI tract Hormones","2","Medical Physiology II","Physiology","Year 2: Physiology"
"8eed6952-b901-478b-9a3a-1cdd94d50fce","LECTURE 6: Pancreatic and Adrenal Hormones","3","General & Systemic Pathology","Endocrine and Metabolic Pathology","Year 3: Endocrine and Metabolic Pathology"
"d433fddc-e909-4503-93f4-1a7c78f835e1","Haematopathology MCQs: Blood Disorders & Anemia Explained","3","Hematology and Blood Transfusion","Hematopathology","Year 3 : Hematopathology"
"62252fb3-c87c-404b-a82e-4c6dd7d22fe3","Lower Limb Anatomy MCQ Compilation","1","Human Anatomy I","Anatomy","Year 1: Anatomy"
"72488117-a7e1-4c85-9812-3f609eb13b8c","Chemical Pathology","3","Hematology and Blood Transfusion","Hematopathology","Year 3: Hematopathology"
"b553ad05-6bc9-4166-845a-5b7a9ef4beac","Human Communication Skills Exam Study Notes","2","Human Communication Skills","Human Communication Skills","Year 2: Human Communication Skills"
"ea4dfce6-0253-4be2-bb68-bfbf99a8782c","ADRENAL NEOPLASMS — Adenoma vs Carcinoma","3","General & Systemic Pathology","Endocrine and Metabolic Pathology","Year 3: Endocrine and Metabolic Pathology"
"06f74de5-e31e-4fdd-b3b9-38c5cb025d91","Basics of Biosafety","2","Epidemiology and Biostatistics","Epidemiology and Statistics","Year 2: Epidemiology and Statistics"
"3a9dc7b6-d4bc-4bfd-9af7-28207a9c427b","Medical Biochemistry II PAPER A (MBMB 2200)","2","Medical Biochemistry II","Clinical Biochemistry","Year 2: Clinical Biochemistry"
"2892a866-90e8-4e71-86ae-43ef416e8a88","Strongyloides stercoralis (Threadworm)","2","Principles of Microbiology and Parasitology","Parasitology","Year 2: Parasitology"
"aafb72d6-cf7a-45d4-824e-ee0fbff80d66","Medical Parasitology","2","Principles of Microbiology and Parasitology","Parasitology","Year 2: Parasitology"
"2c87572c-cac8-45f5-830e-71d080e5a623","Mycoses: Superficial, Cutaneous & Systemic Fungal Infections","3","Medical Microbiology and Parasitology","Medical Mycology","Year 3: Medical Mycology"
"74c5dab9-c70c-49b5-bccc-0df5eb13cd33","Medical Bacteriology MCQs: ETEC, Pseudomonas, Salmonella & More","3","Medical Microbiology and Parasitology","Bacteriology","Year 3: Bacteriology"
"dbcf7da0-af6f-4667-8f38-e2493b4770be","Medical Physiology Ii","2","Medical Physiology II","GIT Physiology","Year 2: GIT Physiology"
"6df8a0a0-b0c6-4bf6-a9b6-14f0787cb40f","Mycotoxins & Aflatoxins: Health Risks, Diagnosis & Management","3","Medical Microbiology and Parasitology","Medical Mycology","Year 3: Medical Mycology"
"64c21cd3-4e90-4dec-b687-233bd73480c9","Cardiovascular Pathology MCQs: Rheumatic Fever, AAA, HTN, HFpEF","3","General & Systemic Pathology","Cardiovascular System Pathology","Year 3: Cardiovascular System Pathology"
"62e5cca4-6a84-428a-ba92-08f642205de5","ANATOMY LAQs and SAQs","1","Human Anatomy I","Embryology","Year 1: Embryology"
"e1ff4d8c-04c0-4992-a45d-637722622c36","Arthropod Vectors and Vector-Borne Diseases - CAT Quiz","2","Principles of Microbiology and Parasitology","Parasitology","Year 2: Parasitology"
"25b2c9d9-fc25-48e3-bdb3-cb4add5af3b9","Fungal Genetics, HIV & Mycoses Epidemiology in Kenya","3","Medical Microbiology and Parasitology","Medical Mycology","Year 3: Medical Mycology"
"f84d3c17-0ee8-4b34-8fdd-0ba3d975b617","Immune System Protective Mechanism","2","Immunology","Cellular Immunology","Year 2: Cellular Immunology"
"095a3290-926f-4693-ac8e-0f27cce893b5","Skin & Breast Pathology CAT: MKU Year 3 Medicine Exam","3","General & Systemic Pathology","Breast Pathology","Year 3: Breast Pathology"
"07e13708-1090-4afb-8e00-ac86b00ace7e","Medical Biochemistry, Genetics, and Molecular Biology","2","Medical Biochemistry II","Clinical Biochemistry","Year 2: Clinical Biochemistry"
"3cb38170-ccfc-4058-a170-4dd9d857b469","Glomerular Diseases: Classification, Histology & Pathology","3","General & Systemic Pathology","Male Reproductive and Urinary System Pathology","Year 3: Male Reproductive and Urinary System Pathology"
"3a1a1302-3edf-4003-94a8-3f2b8b44805f","Hookworms (Ancylostoma duodenale &amp; Necator americanus)","2","Principles of Microbiology and Parasitology","Parasitology","Year 2: Parasitology"
"076c3be4-52e9-4c52-ba8c-cfe55d9d4491","Non-Hodgkin Lymphoma: Classification, Symptoms, Diagnosis, and Treatment","3","Hematology and Blood Transfusion","Hematopathology","Year 3: Hematopathology"
"51178939-9440-4610-8464-00810f07cb80","CLINICAL BIOCHEMISTRY LAQs & SAQs","2","Medical Biochemistry II","Clinical Biochemistry","Year 2: Clinical Biochemistry"
"3fa1428a-3dfa-4bf2-a7be-38929897012a","Filarial Worms","2","Principles of Microbiology and Parasitology","Parasitology","Year 2: Parasitology"
"fa6f2772-51ab-4133-b674-02c0315fdd83","Southern Blotting","2","Medical Biochemistry II","Molecular Biology","Year 2: Molecular Biology"
"c9c32832-ac7d-410d-86a2-d8a577f1b637","Genetics & Disease: Muscular Dystrophy, CF, Marfan, Diabetes, Cancer","3","General & Systemic Pathology","Genetic Disorders","Year 3: Genetic Disorders"
"f9d978b2-771f-410f-a416-f2d9613c4d4f","Bacteria","2","Principles of Microbiology and Parasitology","Microbiology","Year 2: Microbiology"
"63fa1a73-2106-4b1c-ac30-d02e1379103c","general Pathology Q&amp;A","3","General & Systemic Pathology","General Pathology","Year 3: General Pathology"
"ecb21910-28b5-484d-9c12-0f05505d4154","Amebae","2","Principles of Microbiology and Parasitology","Parasitology","Year 2: Parasitology"
"3d6115d4-0daf-4b93-9477-0ffab1d33054","Trypanosoma","2","Principles of Microbiology and Parasitology","Parasitology","Year 2: Parasitology"
"c69f0853-3226-4387-b3c7-9ec617327671","Cytopathology vs Histopathology CAT: Definitions & Lab Basics","3","General & Systemic Pathology","Histopathology & Cytopathology","Year 3: Histopathology & Cytopathology:"
"74d6acd4-c449-40af-83c4-25bae2ae556b","Endocrine LAqs and SAqs","3","Basic Pharmacology","Basic Pharmacology","Year 3: Basic Pharmacology III"
"6cf5d280-cade-48ed-be0a-600962fa793d","Anatomy and Embryology Examination Questions and Marking Scheme","1","Human Anatomy I","Gross Anatomy Head and Neck","Year 1: Gross Anatomy Head and Neck"
"f5f0b0f6-0711-4bc6-b599-e9201dea39e2","Comprehensive Guide to Nutrient Digestion and Absorption","2","Medical Physiology II","GIT Physiology","Year 2: GIT Physiology"
"b4d538f1-3017-4c63-97d9-d288e9f133dd","GASTROINTESTINAL PATHOLOGY (Part 3)","3","General & Systemic Pathology","General Pathology","Year 3: General Pathology"
"3f48f7eb-e5db-4d23-bc47-8abfd70c9e28","Respiratory Pathology 1b","3","General & Systemic Pathology","General Pathology","Year 3: General Pathology"
"2ca687e8-eabe-4091-9462-0f92765f8ae2","End Sem Cat: Respiratory Pathology: Emphysema, ARDS, Pneumoconiosis","3","General & Systemic Pathology","Respiratory System Pathology","Year 3: Respiratory System Pathology"
"673c4d69-da9c-45ae-aa51-3d326f1b45a2","Biochemistry Course Outline: Year 5 ENT, 2nd Semester Assessment & Materials","2","Medical Biochemistry II","Clinical Biochemistry","Year 2: Clinical Biochemistry"
"5647759d-d436-479e-9ae4-7e8bedcfab30","Types of Mutations in ARBHN (Amino Acid Replacement Based on Hemoglobin to Product Form)","3","Hematology and Blood Transfusion","Hematopathology","Year 3: Hematopathology"
"dc37816b-ad0c-416e-8d86-de4515b81e48","Medical Physiology Year Two – Paper Two MCQs","2","Medical Physiology II","Physiology","Year 2: Physiology"
"86d65f5d-3d3a-43dc-8f33-ff834798534f","Heart Disease: Must Knows","3","General & Systemic Pathology","General Pathology","Year 3: General Pathology"
"b3dd28be-c71f-4074-b27a-ca5ba9ba123b","Liver Histology, Physiology and Pathology","3","Hematology and Blood Transfusion","Hematopathology","Year 3: Hematopathology"
"7e0f34a5-52ad-4002-b2ed-86ea0491a371","Genetic Disorders CAT: Key Terms & Inheritance Patterns Explained","3","General & Systemic Pathology","Genetic Disorders","Year 3: Genetic Disorders"
"e1db3404-ccf9-428a-bd92-161746acb03a","Liver Histology & Physiology","2","Medical Biochemistry II","Clinical Biochemistry","Year 2: Clinical Biochemistry"
"f3469fff-058a-4f2e-81ca-514c7f56c0a1","Breast Cancer Guide: Epidemiology, Risk Factors & Classification","3","General & Systemic Pathology","Breast Pathology","Year 3: Breast Pathology"
"7c9e507d-9e15-49e2-a91e-557383eb9f96","Anatomy and Biochemistry of the Eye","1","Medical Biochemistry I","Carbohydrate Metabolism and Bioenergetics","Year 1: Carbohydrate Metabolism and Bioenergetics"
"187bf467-6ef7-471f-8149-7b6382947e24","Penile & Testicular Pathologies: Hypospadias, Tumors, Torsion – Male Reproductiv","3","General & Systemic Pathology","Male Reproductive and Urinary System Pathology","Year 3: Male Reproductive and Urinary System Pathology"
"46127cad-3b42-4726-aff0-a722579f5a5f","Specific Proteins in Clinical Diagnosis","2","Medical Biochemistry II","Clinical Biochemistry","Year 2: Clinical Biochemistry"
"f642b4f4-e29a-40b8-a55f-4a2134f71b85","Clinical Biochemistry","2","Medical Biochemistry II","Clinical Biochemistry","Year 2: Clinical Biochemistry"
"d333712a-dc6c-4e69-a939-8e404cb506a2","MDS, Myelofibrosis & HLH: Key Blood Disorders Explained","3","Hematology and Blood Transfusion","Blood Transfusion","Year 3: Blood Transfusion"
"144ba525-ce25-455f-8328-a4c94059022b","Clinical Biochemistry and Laboratory Testing","2","Medical Biochemistry II","Clinical Biochemistry","Year 2: Clinical Biochemistry"
"d170f990-cb11-424f-accf-9023014f1ace","Medical Biochemistry II (MBMB 2200) -2","3","Basic Pharmacology","Basic Pharmacology","Year 3: Basic Pharmacology III"
"2106bc52-eadf-4919-8141-14e307600d09","Blood Metabolites Measurement and Their Applications","2","Medical Biochemistry II","Clinical Biochemistry","Year 2: Clinical Biochemistry"
"a89fdca6-1cbb-440c-b47c-004a760bd884","Parasitic Protozoa","2","Principles of Microbiology and Parasitology","Parasitology","Year 2: Parasitology"
"171d8bf9-2c00-4049-90ce-4de5a0a7dbf8","Amebiasis and Pathogenic Free-Living Amebae","2","Principles of Microbiology and Parasitology","Parasitology","Year 2: Parasitology"
"33fb0af9-68e8-46d8-a2bf-14a6d661d667","Oncology Intro: Cancer Biology, Genetics & Immuno-Oncology","3","Basic Pharmacology","Basic Pharmacology","Year 3: Basic Pharmacology II"
"a30e6240-7508-4820-8f3b-1921575972d0","Brown and White Adipose Tissue","2","Medical Biochemistry II","Clinical Biochemistry","Year 2: Clinical Biochemistry"
"31d07a12-1d26-49e0-8804-3474f6aed1e0","Introduction to Oncology: History, Genetics & Immuno-oncology","3","Basic Pharmacology","Basic Pharmacology","Year 3: Basic Pharmacology II"
"7366b6a5-d0a0-4f6a-89e7-69b5dcdcc15f","SummaryThis document provides a comprehensive overview of male reproductive system pathologies, covering congenital malformations, inflammatory conditions, and neoplasms of the penis, testis, epididymis, and prostate. It details conditions such as hypospadias, squamous cell carcinoma of the penis, cryptorchidism, testicular torsion, germ cell tumors, prostatitis, benign prostatic hyperplasia (BPH), and prostate carcinoma. Key risk factors, pathogenesis, clinical features, and management strategies are discussed for each pathology.","3","General & Systemic Pathology","Male Reproductive and Urinary System Pathology","Year 3: Male Reproductive and Urinary System Pathology"
"bd31016e-acfc-4759-bc4a-fc6d1e928eda","Chemotherapy Drugs: Cell Cycle Phase & Mechanism Explained","3","Basic Pharmacology","Basic Pharmacology","Year 3: Basic Pharmacology III"
"1ce71419-51e8-4bd9-8079-9923c892a19c","ADRENAL NEOPLASMS — Adenoma vs Carcinoma","3","General & Systemic Pathology","Endocrine and Metabolic Pathology","Year 3: Endocrine and Metabolic Pathology"
"d1c0a31b-6348-4db1-a22e-3a5f329f8a96","Human Pathology","3","General & Systemic Pathology","General Pathology","Year 3: General Pathology"
"f5616995-a485-474d-ac6f-d51baa5c5aaf","Population and Demography","2","Epidemiology and Biostatistics","Epidemiology and Statistics","Year 2: Epidemiology and Statistics"
"550e3408-a708-4f85-9f3e-4d765f5ff070","Medical Mycology Fundamentals: Fungi, Antifungal Drugs & More","3","Medical Microbiology and Parasitology","Medical Virology","Year 3: Must Know Virology"
"6a8a23f6-5c26-4650-9cfb-ea737e8e92cc","Medical Entomology Questions","2","Principles of Microbiology and Parasitology","Parasitology","Year 2: Parasitology"
"c44bf6c3-130e-4f6c-9126-84513ba24eb4","ADRENAL NEOPLASMS — Adenoma vs Carcinoma","3","General & Systemic Pathology","Endocrine and Metabolic Pathology","Year 3: Endocrine and Metabolic Pathology"
"b6c8555f-e9db-4f71-8814-cd6f555a8513","Cellular Injury and Adaptation MCQs","3","General & Systemic Pathology","General Pathology","Year 3: General Pathology"
"c2a47ac1-ab7e-476e-976a-f7ac2c1768e9","Thyroid Hormone","2","Medical Physiology II","Physiology","Year 2: Physiology"
"028b0cbc-30f6-42f0-9076-5d31f7738227","MBCHB Virology & Mycology: Interferons, Vaccines, Fungi, Mycetoma","3","Medical Microbiology and Parasitology","Medical Virology","Year 3: Must Know Virology"
"594d8cce-de88-4f98-be4f-d163232cc369","Cytomegalovirus (CMV) Guide: Pathogenesis, Dx & Treatment","3","Medical Microbiology and Parasitology","Medical Virology","Year 3: Must Know Virology"
"4a1d5d14-b428-4586-93c5-133a058c07ee","General Pathology I","3","General & Systemic Pathology","General Pathology","Year 3: General Pathology"
"af99ae0f-c9c1-4123-8adc-7be733b13a52","Adenovirus & Parvovirus B19: Non-Enveloped DNA Virus Guide","3","Medical Microbiology and Parasitology","Medical Virology","Year 3: Medical Virology"
"024030f6-f8fb-4529-ac28-0a4e59ae6b01","Life Cycles of Medically Important Trematodes (Flukes)","3","General & Systemic Pathology","General Pathology","Year 3: General Pathology"
"958891be-f438-4ac7-91d4-6bdde759a53f","Oncopathology & Histopathology Answers","3","General & Systemic Pathology","General Pathology","Year 3: General Pathology"
"2b9e918f-78ad-47e0-b5c7-c95a117157b0","The Unseen Battles of Silence","1","Human Anatomy I","Anatomy","Year 1: Anatomy"
"72b76c33-b5f6-4437-a582-54fe706c772d","Clinical Endocrinology Cases: Pituitary Tumour, PCOS, Type 1 Diabetes, and HHS","3","General & Systemic Pathology","Endocrine and Metabolic Pathology","Year 3: Endocrine and Metabolic Pathology"
"2c6bbcbc-2b10-4585-8b5d-a16c08900b87","Sensory Physiology and Neurophysiology MCQs","1","Medical Physiology I","Neurophysiology I","Year 1: Neurophysiology I"
"aca1d504-5556-4456-949f-0e1de4785028","Chemical Pathology MCQs: Diabetes, Renal & Liver Disease","3","Chemical Pathology","Chemical Pathology","Year 3: Chemical Pathology"
"63983f31-3cd1-44cc-a518-643d9dfb8d6b","Acne Vulgaris & Rosacea: Pathology, Symptoms, & Treatment","3","General & Systemic Pathology","Breast Pathology","Year 3: Breast Pathology"
"c3585606-cb89-4afc-8447-fbc836ec0829","Quality Control in Clinical Chemistry","3","Chemical Pathology","Chemical Pathology","Year 3: Chemical Pathology"
"5e57bab6-11dc-4a14-8355-f748d8bd16ed","CNS Trauma Neuropathology: Fractures, Concussion & CTE","3","General & Systemic Pathology","Bone and Soft Tissue Pathology","Year 3: Bone and Soft Tissue Pathology"
"8d6d0fd0-fd97-4e51-a3af-d9b7d3df6788","CNS Malformations: NTDs, Spina Bifida & Anencephaly Guide","3","General & Systemic Pathology","Bone and Soft Tissue Pathology","Year 3: Bone and Soft Tissue Pathology"
"847aa557-0b8b-4082-a06a-c934b5331f42","Clinical Enzymes: Functions and Applications","3","General & Systemic Pathology","General Pathology","Year 3: General Pathology"
"15738b26-7ee3-418f-8f67-200ea52cb681","Neurodegenerative Prion Diseases: CJD, Pathology & Rapid Dementia","3","General & Systemic Pathology","Bone and Soft Tissue Pathology","Year 3: Bone and Soft Tissue Pathology"
"1221cab3-aed5-4e10-b285-be7681d9596f","Haematology MCQs END YEAR 2025: Medical Student Exam Prep & Answers","3","Hematology and Blood Transfusion","Hematopathology","Year 3: Exam Hematology"
"ce669591-b4ed-4498-9702-19396e2309ab","Development of the Heart","1","Human Anatomy I","Embryology","Year 1: Embryology"
"2b0ef5f6-f740-4e40-947a-7e37d575945d","Endocrine Choice of Diagrams","3","General & Systemic Pathology","Endocrine and Metabolic Pathology","Year 3: Endocrine and Metabolic Pathology"
"3959b2df-052f-48d6-a788-28971fbdd2f8","Cerebral Edema, Hydrocephalus, Raised ICP & Brain Herniation Pathology","3","General & Systemic Pathology","Bone and Soft Tissue Pathology","Year 3: Bone and Soft Tissue Pathology"
"65e06c63-1c47-4dc8-8a5f-0faf30b2e8e6","General & Systemic Pathology Exam: MBChB Year 3 Questions","3","General & Systemic Pathology","General Pathology","Year 3: EXAM: General & Systemic Pathology"
"b3645b00-b674-4194-9a4b-e2e4303354d5","Lymphoma Overview and Classification","3","Hematology and Blood Transfusion","Hematopathology","Year 3: Hematopathology"
"4f635594-1cbc-4007-a416-03df0f04708e","Bone & Cartilage Tumors: Osteoma to Osteosarcoma Pathology","3","General & Systemic Pathology","Bone and Soft Tissue Pathology","Year 3: Bone and Soft Tissue Pathology"
"64058384-a7f1-412a-b6f7-64dbbb8be870","Cerebrovascular Disease: Stroke, Ischemia & Hemorrhage Explained","3","General & Systemic Pathology","Bone and Soft Tissue Pathology","Year 3: Bone and Soft Tissue Pathology"
"a2e21204-6d35-4dab-9e35-fa31307d3bf8","Spinal Cord Tracts: Ascending and Descending Pathways","1","Human Anatomy I","Anatomy","Year 1: Anatomy"
"04e04ba7-73cc-46dc-93f0-96f0b98d7ac7","Quick Guide: Male Reproductive System Pathology, Testis, Penis","3","General & Systemic Pathology","Male Reproductive and Urinary System Pathology","Year 3: Male Reproductive and Urinary System Pathology"
"fcbaf433-b991-4f9e-9024-5d70f94c4e4c","Sample Testing in Clinical Biochemistry","2","Medical Biochemistry II","Clinical Biochemistry","Year 2: Clinical Biochemistry"
"b1ef0a1c-2858-4daa-9095-41ab84a543c6","Cellular Immunology Short Answer Questions","2","Immunology","Cellular Immunology","Year 2: Cellular Immunology"
"3705fa77-c110-4aaf-b03a-b6e33f6e6c5e","Medical Physiology Section A - Complete Questions and Comprehensive Answers","2","Medical Physiology II","Physiology","Year 2: Physiology"
"6c632a06-4849-43b4-99af-d4574f4e9906","Clinical Biochemistry - Comprehensive Study Notes","2","Medical Biochemistry II","Clinical Biochemistry","Year 2: Clinical Biochemistry"
"fb4562ec-d601-46bc-89d6-6b8e46eff3f8","Epidemiology Case Study MCQs","2","Epidemiology and Biostatistics","Epidemiology and Statistics","Year 2: Epidemiology and Statistics"
"422c5f2b-75dd-4369-8968-8fe4794b20d6","FSGS & HIV Nephropathy: Causes, Symptoms, Diagnosis & Prognosis","3","General & Systemic Pathology","Male Reproductive and Urinary System Pathology","Year 3: Male Reproductive and Urinary System Pathology"
"324543fa-1375-425f-9a6d-9b55f0cf6a2b","Endocrine & Renal Pathology","3","General & Systemic Pathology","Endocrine and Metabolic Pathology","Year 3: Endocrine and Metabolic Pathology"
"54d3293c-53b6-402f-9f93-506be2299bfb","Looking back at the document, I need to check if I've covered all questions. Let me verify:","3","General & Systemic Pathology","General Pathology","Year 3: General Pathology"
"c8e226cc-5193-4730-b7f2-70c962bd771e","Master Bone & Soft Tissue Pathology: CAT 2 MCQs & Answers","3","General & Systemic Pathology","Bone and Soft Tissue Pathology","Year 3: Bone and Soft Tissue Pathology"
"ea588569-cc68-464d-affd-73ab3a131161","Female Reproductive Pathology: HPV, Cancer, PCOS & Pregnancy","3","General & Systemic Pathology","General Pathology","Year 3: General Pathology"
"6450c3e4-09c0-4840-afeb-153cefaed2e5","Human Communication Skills and Medical Ethics - Exam Answers","2","Human Communication Skills","Human Communication Skills","Year 2: Human Communication Skills"
"12d71bf7-98e0-40ba-9a80-92519ec7512f","Endocrine and Metabolic Pathology Course Outline and References","3","General & Systemic Pathology","Endocrine and Metabolic Pathology","Year 3: Endocrine and Metabolic Pathology"
"779250a3-b0a5-4004-95b2-9172cc013f2f","Blood Grouping and Blood Typing","3","Hematology and Blood Transfusion","Blood Transfusion","Year 3: Blood Transfusion"
"e6c5eaa9-acdc-4047-9e77-cbc586ef08b9","LECTURE 4: Thyroid Hormones","3","General & Systemic Pathology","Endocrine and Metabolic Pathology","Year 3: Endocrine and Metabolic Pathology"
"92f2b0f9-99a7-4349-8663-f04bc4951229","Bone & Soft Tissue Tumour Pathology: Must-Know Diagnoses","3","General & Systemic Pathology","Bone and Soft Tissue Pathology","Year 3: Bone and Soft Tissue Pathology"
"f3438bd8-43df-452e-9109-36223fa1f2f2","Respiratory System Pathology 1A","3","General & Systemic Pathology","Respiratory System Pathology","Year 3: Respiratory System Pathology"
"a95a31da-273f-4718-a9c3-3ebc7d8ac64d","Lung Pathology — Must-Know","3","General & Systemic Pathology","General Pathology","Year 3: General Pathology"
"9873bd6b-ab5a-45bd-aaa0-7abc567b51bf","Genetic and Autoimmune Causes with Focus on Affected Proteins","2","Medical Biochemistry II","Molecular Genetics and Cytogenetics","Year 2: Molecular Genetics and Cytogenetics"
"0acebd25-1465-47d8-a4a4-dcb1dee13b0b","Medical Entomology Exam 2018/2019 MCQs","2","Principles of Microbiology and Parasitology","Parasitology","Year 2: Parasitology"
"58ec9e18-54ef-42e3-a0da-500fa9bc95d9","Essential Cardiovascular Pathology: Atherosclerosis to Endoc","3","General & Systemic Pathology","General Pathology","Year 3: EXAM: General & Systemic Pathology"
"2e0c9564-762b-4369-a0fe-3139660d9c83","Endocrine & Renal Pathology — Must Know Notes","3","General & Systemic Pathology","Endocrine and Metabolic Pathology","Year 3: Endocrine and Metabolic Pathology"
"63944f3f-6084-4957-b83a-b13bba429eaf","Molecular Biology,Molecular Genetics & Microbial-Biochemistry LAQs & SAQs","2","Medical Biochemistry II","Clinical Biochemistry","Year 2: Clinical Biochemistry"
"7c413875-3751-4e09-81ba-eaafe8af6f96","🔹 Eukaryotic Transcription & Translation","2","Medical Biochemistry II","Molecular Biology","Year 2: Molecular Biology"
"e9981bb9-6fe6-492d-b5f1-dd73553fac9a","Department Of Pathology","3","General & Systemic Pathology","General Pathology","Year 3: General Pathology"
"13eb910f-247b-422f-810a-8dc6b04333c8","White Cell Disorders — Must-Know Notes","3","Hematology and Blood Transfusion","Hematopathology","Year 3: Hematopathology"
"43093875-63a2-4e93-9217-af5d525d29f3","Hematologic Malignancies and Bleeding Disorders","3","Hematology and Blood Transfusion","Hematopathology","Year 3: Hematopathology"
"d6381565-892e-40c3-8cde-093f6542df0d","Blood Transfusion Medicine: An Exam-Focused Review","3","Hematology and Blood Transfusion","Blood Transfusion","Year 3: Blood Transfusion"
"cde01fca-fec6-49de-9b4e-7726a4d38e7b","MALE REPRODUCTIVE SYSTEM PATHOLOGY","3","General & Systemic Pathology","Male Reproductive and Urinary System Pathology","Year 3: Male Reproductive and Urinary System Pathology"
"bf553699-2614-44ec-a209-80dbfdedcd13","VASCULAR PATHOLOGY — Must-Know Comprehensive Notes","3","General & Systemic Pathology","General Pathology","Year 3: General Pathology"
"27f16853-5416-4b75-aca1-ba875ef90076","Liver Tumors: Benign, Primary, and Secondary Malignancies Summary","3","General & Systemic Pathology","Bone and Soft Tissue Pathology","Year 3: Bone and Soft Tissue Pathology"
"6928f654-7580-444e-8aa6-ce5c383b45cc","GASTROINTESTINAL PATHOLOGY (Part 2)","3","General & Systemic Pathology","Bone and Soft Tissue Pathology","Year 3: Bone and Soft Tissue Pathology"
"663a44b0-686a-4c2b-ab2d-f9276e836e92","Lesson Outcome: Nucleic Acid Structure and Properties","2","Medical Biochemistry II","Molecular Biology","Year 2: Molecular Biology"
"dd5ff4ab-8239-4899-9a96-4bf5acb421d5","Human Communication Skills Exam Answers MCQs","2","Human Communication Skills","Human Communication Skills","Year 2: Human Communication Skills"
"e5fddead-3212-46e0-8726-8cf3344641de","Gastrointestinal Neoplasms: High-Yield Exam Review","3","General & Systemic Pathology","Bone and Soft Tissue Pathology","Year 3: Bone and Soft Tissue Pathology"
"953933e9-3757-4d65-bc83-b898d01ba82c","Gastropathology Pathology","3","General & Systemic Pathology","Bone and Soft Tissue Pathology","Year 3: Bone and Soft Tissue Pathology"
"1bb6bd21-a4e2-4115-9962-92dc457b7cac","Tumours of the Gastrointestinal Tract","3","General & Systemic Pathology","Bone and Soft Tissue Pathology","Year 3: Bone and Soft Tissue Pathology"
"82ccc2fb-069b-4688-ad7b-f96f01d96c6b","Medical Entomology MCQs 2","2","Principles of Microbiology and Parasitology","Parasitology","Year 2: Parasitology"
"66ca2809-8db2-484f-a77a-8865020d5a36","Liver Tumors: Benign and Malignant Overview","3","General & Systemic Pathology","Bone and Soft Tissue Pathology","Year 3: Bone and Soft Tissue Pathology"
"47daa53a-f9b3-4a73-a34d-186b4f8fcb1e","Chemical Path, Long Answer and Short Answer","3","Chemical Pathology","Chemical Pathology","Year 3: Chemical Pathology"
"8f6e9f23-1e3c-4e2a-b49e-d4fb01bfa3a9","Chemical Pathology Sem 1","3","Chemical Pathology","Chemical Pathology","Year 3: Chemical Pathology"
"c7befa18-3168-4fa5-b65f-b0739206e4de","Clinical Enzymology and Biomarkers","3","Chemical Pathology","Chemical Pathology","Year 3: Chemical Pathology"
"41afcd44-2890-40ac-b716-56da501d2e81","Clinical Anatomy of the Cerebral Cortex","3","General & Systemic Pathology","Neuropathology","Year 3: Neuropathology"
"f4b3f0ab-ada6-4edc-9083-8ec4f92fb21d","Blood Biochemistry","2","Medical Biochemistry II","Clinical Biochemistry","Year 2: Clinical Biochemistry"
"63f95076-bb93-47b5-ae30-5492a1a59363","Congenital Hydrocephalus: Prenatal Diagnosis and Surgical Interventions","3","General & Systemic Pathology","Neuropathology","Year 3: Neuropathology"
"f15a1c6c-6b26-41ef-baae-044b27623061","Prefrontal Association Areas","3","General & Systemic Pathology","Neuropathology","Year 3: Neuropathology"
"1a6757cb-b228-413e-8c77-be6fdd64f2ad","Limbic System and Hypothalamus Examination","1","Human Anatomy I","Anatomy","Year 1: Anatomy"
"ba67f4bc-480e-40d1-90dc-f91bc27d0cfb","Chest X-ray Interpretation Guide: ABCDE Approach for Medical Students","3","Community Health","Community Health","Year 3: Community Health"
"9a4e4df0-e574-4340-b0bd-1d6a06a6d16d","Heart Disease — Must Knows","3","General & Systemic Pathology","General Pathology","Year 3: General Pathology"
"4f9386c9-9fe1-411b-8a70-f423ce1433fb","📚 MEDICAL VIROLOGY & MYCOLOGY — MCQ BANK","3","Medical Microbiology and Parasitology","Medical Virology","Year 3: Medical Virology"
"820d195d-b1ed-4003-8a2c-f74e55643dcc","Medical Vectors: Ticks, Trypanosomiasis, Leishmaniasis & More","3","Medical Microbiology and Parasitology","Parasitology","Year 3: Parasitology"
"96b3f03f-7018-4662-9c43-7c1e9b4f2196","Giardia lamblia and Giardiasis","2","Principles of Microbiology and Parasitology","Parasitology","Year 2: Parasitology"
"faf53085-1ae7-4526-9268-f43da86d418d","Cranial Nerves, Eye Exam & Vital Signs: MBChB Clinical Revision","3","Clinical Techniques","Clinical Techniques","Year 3: Introduction to Clinical Techniques"
"dceddecf-9d42-4c82-8d83-c0960e641b28","Medical Microbiology Q&A Guide","2","Principles of Microbiology and Parasitology","Microbiology","Year 2: Microbiology"
"dd5e2517-1aea-42a5-aeaa-a87fefd0abb5","Male Reproductive & Urinary Tract Pathology MCQs | MKU Year 3 Medicine","3","General & Systemic Pathology","Male Reproductive and Urinary System Pathology","Year 3: Male Reproductive and Urinary System Pathology"
"dd5ddfef-9f38-4cc4-a902-c0106e8eade9","Mycology Revision: Fungal Infections, Histoplasmosis & Cryptococcosis","3","Medical Microbiology and Parasitology","Medical Mycology","Year 3: Medical Mycology"
"b18ab108-fb14-4104-ae1a-1f4d43587b50","Cat. Pathology: Acute Inflammation, Mediators & Pulmonary Embolism","3","General & Systemic Pathology","General Pathology","Year 3: Introduction to Pathology"
"008016d2-1005-4583-a061-a163f9833d4b","Streptococcus Classification, S. pyogenes, Rheumatic Fever, AGN","3","Medical Microbiology and Parasitology","Bacteriology","Year 3: Bacteriology Exam"
"370992f8-1b16-402c-9049-2ae71ba57e1c","Chemical Pathology MCQs: Clinical Chemistry, Endocrine & Renal","3","Chemical Pathology","Chemical Pathology","Year 3: Chemical Pathology"
"cbdf513e-1dd7-4e90-840e-2bc27aaee18f","Year 3: Haematology and Blood Transfusion Pathology","3","Hematology and Blood Transfusion","Hematopathology","Year 3: Haematology and Blood Transfusion Pathology"
"9233b281-513d-4f0e-994f-ee9c43aa6103","Medical Bacteriology MCQs: Review Strep, TB, Anthrax & More","3","Medical Microbiology and Parasitology","Bacteriology","Year 3: Bacteriology"
"53e948b2-60ac-45fe-b1d3-573b242a19b0","Haematology Exam 2025: MCQs on Anaemia, Leukaemia & Clotting","3","Hematology and Blood Transfusion","Hematopathology","Year 3 : Hematopathology"
"aea2eaae-da5e-4c96-9090-161aa98177c7","Medical Entomology & Parasitology Quiz Q&A","3","Medical Microbiology and Parasitology","Parasitology","Year 3: Parasitology"
"cdb4d91d-c68d-4a3e-942d-dd7c944dc880","Hematology & Blood Transfusion Pathology: MDS, Stem Cell Transplant","3","Hematology and Blood Transfusion","Hematopathology","Year 3: Haematology and Blood Transfusion Pathology"
"706fa39f-ff3c-4c39-95fa-256c6c217451","Pathology Spot Exam Revision: Lymphoma, Adenoma, Appendicitis, FISH","3","Clinical Techniques","Clinical Techniques","Year 3: Spot/Practical Examination"
"2eeef818-c0aa-45c1-a985-d8c3a1c3975a","Medical Virology Exam Notes: Pathogenesis, HSV, CMV, Hepatitis, Flu","3","Medical Microbiology and Parasitology","Medical Virology","Year 3: Must Know Virology"
"00babf2a-e3cb-4dd5-a239-0bf710c6db0f","Bone & Joint Pathology: Basic Structure, Cells, and Fractures","3","General & Systemic Pathology","Bone and Soft Tissue Pathology","Year 3: Bone and Soft Tissue Pathology"
"554de000-23c7-42c3-a99e-b475cce2e505","EXAM NOTES: VIROLOGY YR3","3","Medical Microbiology and Parasitology","Medical Virology","Year 3: Medical Virology"
"d208bf62-aa26-4668-bd60-384fd855c51e","EXAM: Influenza, Viral Receptors & Spikes, Interferons, and Viral Pathogenesis","3","Medical Microbiology and Parasitology","Medical Virology","Year 3: Medical Virology"
"57cedf32-6e21-4df0-a6ae-2d3c81b6e0f0","EXAM: Basic Virology, Viral Replication, Prions & Slow Viruses, Poxviruses & VZV","3","Medical Microbiology and Parasitology","Medical Virology","Year 3: Medical Virology"
"115ab96f-61ee-454c-8ea7-a2518f0578f6","EXAM: Spot/Practical Examination","3","Clinical Techniques","Clinical Techniques","Year 3: Spot/Practical Examination"
"48c72126-7f3a-447e-9b9a-7631632d78c5","Haematology Revision: Haematopoiesis, Anaemia & IDA Guide","3","Hematology and Blood Transfusion","Hematopathology","Year 3: Exam Hematology"
"7875deff-6c18-4eaf-b532-dac472317493","TAKE HOME CAT 1&amp;2.","3","Basic Pharmacology","Basic Pharmacology","Year 3: Basic Pharmacology II"
"8e304d73-61e0-4016-a340-41bbcceb8b85","Essential Medical Virology: Structure, Classification & Replication","3","Medical Microbiology and Parasitology","Medical Virology","Year 3: Medical Virology"
"ee837240-29c1-4326-bd96-9044973fd0d9","KIDNEY FUNCTION TESTS &amp; GASTRIC FUNCTION","3","General & Systemic Pathology","Endocrine and Metabolic Pathology","Year 3: Endocrine and Metabolic Pathology"
"f39e50af-cef9-45fa-bc4a-3bc6f274b1b0","Neuropathology: CNS Neuronal & Astrocyte Injury Reactions","3","General & Systemic Pathology","Bone and Soft Tissue Pathology","Year 3: Bone and Soft Tissue Pathology"
"2bf2b760-1f7b-4ceb-9706-2d48021afc61","Neuroanatomy and Brain Metabolism","3","General & Systemic Pathology","Endocrine and Metabolic Pathology","Year 3: Endocrine and Metabolic Pathology"
"debe9cfe-b489-4acb-900c-93a1aca541c7","LECTURE 1: Principles of Endocrinology","3","General & Systemic Pathology","Endocrine and Metabolic Pathology","Year 3: Endocrine and Metabolic Pathology"
"2b6584eb-2323-4db3-990f-85138828a1cc","Pharmacology Cheat Code","3","Basic Pharmacology","Basic Pharmacology","Year 3:  Pharmacology"
"f18fa6cb-76d8-4403-812f-88213fb76ffa","CRUSH COURSE YEAR 3 SEM 1 WORK (Part 1) ","3","Chemical Pathology","Clinical Chemistry","Year 3: Clinical Chemistry"
"791a83e4-6bdb-417d-87e0-774990888a3f","Obesity Types, Causes and Treatments","3","General & Systemic Pathology","Endocrine and Metabolic Pathology","Year 3: Endocrine and Metabolic Pathology"
"1ee06374-eb71-4c97-b3fe-daf776e61251","Medical Virology: Hepatitis, Viral Carcinogenesis & Oncogenic Viruses","3","Medical Microbiology and Parasitology","Medical Virology","Year 3: Medical Virology"
"863ee0f6-6bff-4265-9377-8545da87c2e4","Review Questions","3","General & Systemic Pathology","Endocrine and Metabolic Pathology","Year 3: Endocrine and Metabolic Pathology"
"aa80da6c-f516-42b2-a9e2-196682594bc8","Oncopathology And Genetic Disorders End Sem Cat","3","General & Systemic Pathology","Endocrine and Metabolic Pathology","Year 3: Endocrine and Metabolic Pathology"
"7f8d6102-fe3f-4752-a226-6b1370420b35","VASCULAR PATHOLOGY — Must-Know Notes","3","General & Systemic Pathology","General Pathology","Year 3: General Pathology"
"279d912d-09ef-4b4b-8a1e-7694ce93918c","MBMP2300: Medical Physiology II - Complete Study Guide","2","Medical Physiology II","Physiology","Year 2: Physiology"
"4b5f904e-ea92-4732-b3e5-dd1f589db48f","COMPREHENSIVE BASIC PHARMACOLOGY - 120 CHALLENGING MCQs","3","Basic Pharmacology","Basic Pharmacology","Year 3: Basic Pharmacology III"
"96eb9450-a0e7-401d-b5ec-dbf8d0b17d42","Basic Pharmacology - Study Guide","3","Basic Pharmacology","Basic Pharmacology","Year 3: Basic Pharmacology III"
"fa8ac930-6e96-4732-9167-77c21ac6eba7","ONCOPATHOLOGY - 30 KEY SHORT ANSWER QUESTIONS Hallmarks 1,2 &amp; 3","3","General & Systemic Pathology","General Pathology","Year 3: General Pathology"
"3caafd28-a84d-4495-9281-32d9acda913d","","3","General & Systemic Pathology","Male Reproductive and Urinary System Pathology","Year 3: Male Reproductive and Urinary System Pathology"
"596613ad-c9dd-465b-a916-36a9ad9ab9d3","VIROLOGY SEM 3 CRASHED","3","Medical Microbiology and Parasitology","Medical Virology","Year 3: Medical Virology"
"7220b242-bdb5-4bb9-965b-81fdcbf7a481","ONCOPATHOLOGY - MCQs WITH EXPLANATIONS","3","General & Systemic Pathology","General Pathology","Year 3: General Pathology"
"a26c5e3e-79eb-475e-9910-58b207a5413d","Biochemical Endocrinology, MBMB2234: Neurochemistry","3","General & Systemic Pathology","Endocrine and Metabolic Pathology","Year 3: Endocrine and Metabolic Pathology"
"069963bb-0d9e-4ce9-a506-ac8c51ccb377","Endocrine and Metabolic Pathology MCQs","3","General & Systemic Pathology","Endocrine and Metabolic Pathology","Year 3: Endocrine and Metabolic Pathology"
"210d084c-e57f-4059-abf9-4cbc21c59810","GENETIC DISORDERS SAQs EXAMINATION","2","Medical Biochemistry II","Molecular Genetics and Cytogenetics","Year 2: Molecular Genetics and Cytogenetics"
"c9534b2e-5343-417b-a269-8f7ada0d44c0","General Pathology Q&amp;A","3","General & Systemic Pathology","General Pathology","Year 3: General Pathology"
"f0ac75ba-9d89-42d8-86b8-1464ac315794","Medical Bacteriology and Entomology MCQs","2","Principles of Microbiology and Parasitology","Microbiology","Year 2: Microbiology"
"901655db-b9ee-4e89-afb9-adefe31d2590","Pharmco Notes","3","Basic Pharmacology","Basic Pharmacology","Year 3: Basic Pharmacology II"
"9202095d-257c-4276-ae65-56ff1f4cfbbb","Master Pharmacokinetics, Dynamics & Antimicrobial Drugs","3","Basic Pharmacology","Basic Pharmacology","Year 3:  Pharmacology"
"7f7aa944-e1df-4404-ac24-3025558518f9","🫀 VALVULAR HEART DISEASE — ULTRA DEEP NOTES","3","General & Systemic Pathology","Cardiovascular System Pathology","Year 3: Cardiovascular System Pathology"
"16936379-5541-46a7-9138-7089393c06a3","Bnd 3104 Nutrition And Dietetics","3","General & Systemic Pathology","Respiratory System Pathology","Year 3: Respiratory System Pathology"
"e89cc675-7eb8-42c2-b021-241126472bd1","MBPL3621 Introduction to Pharmacology Quiz 1","3","Basic Pharmacology","Basic Pharmacology","Year 3: Basic Pharmacology III"
"014a15f6-b25b-435c-b9d3-d68946e03f68","Pathology Continuous Assessment July 2021","3","General & Systemic Pathology","General Pathology","Year 3: General Pathology"
"c69a56b6-4e6e-4e81-bf59-cde7fb4e7f34","Endocrine and Metabolic Pathology MCQs: Practice Questions","3","General & Systemic Pathology","Endocrine and Metabolic Pathology","Year 3: Endocrine and Metabolic Pathology"
"1fdb0622-5e2f-4f88-81d3-9f0abef8d359","Inflammation and Tissue Repair - MCQs","3","General & Systemic Pathology","General Pathology","Year 3: General Pathology"
"8d1a5913-b101-40ed-9a3d-b8a80b3234c1","Medical Bacteriology And Parasitology End Year 2024/2025","2","Principles of Microbiology and Parasitology","Microbiology","Year 2: Microbiology"
"c2b9c790-26af-41fd-b5c2-01c27380fa81","","3","Chemical Pathology","Chemical Pathology","Year 3: Chemical Pathology"
"cb17dd01-18e8-4a33-b4ac-76aeedd53e2c","Pharmacology CRASH Course","3","Basic Pharmacology","Basic Pharmacology","Year 3:  Pharmacology"
"5c815f8a-1046-4fca-bb3c-f5873435d072","Endocrine and Metabolic Pathology MCQs for Medical Students","3","General & Systemic Pathology","Endocrine and Metabolic Pathology","Year 3: Endocrine and Metabolic Pathology"
"86afc1e0-2a5e-429e-87f2-43bcbf654610","MBChB Clinical Exam: Cranial Nerves, Resp & Abdominal Skills","3","Clinical Techniques","Clinical Techniques","Year 3: Introduction to Clinical Techniques"
"e4f43bee-4fd1-4b33-872e-d4f6e16f0114","Mbchb Cat - Genetics Answer Key MCQs","2","Medical Biochemistry II","Molecular Genetics and Cytogenetics","Year 2: Molecular Genetics and Cytogenetics"
"3d70512a-99bf-4d53-aa1b-b75909bcde60","Cellular Immunology MCQs","2","Immunology","Cellular Immunology","Year 2: Cellular Immunology"
"34a71ca6-075e-4fcb-b8d8-491bc8e04550","Molecular Biology Exam Review MCQs","2","Medical Biochemistry II","Molecular Biology","Year 2: Molecular Biology"
"087bd6a6-36f6-48b6-96d5-077cb2844840","Hematopathology MCQs & Essays: MBChB Exam Revision Guide","3","Hematology and Blood Transfusion","Hematopathology","Year 3 : Hematopathology"
"7cd72a72-6794-4fcc-a54a-9b9cf7b36a63","Dr. Orata Haematology MCQs: Past Paper Questions & Answers","3","Hematology and Blood Transfusion","Hematopathology","Year 3: Hematopathology"
"1badb62d-24d0-45fd-858e-2dbadd531b58","CNS & Abdominal Exam: Clinical Techniques, History & Neurology","3","Clinical Techniques","Clinical Techniques","Year 3: Introduction to Clinical Techniques"
"a07be859-2089-47e0-a864-8201284b32af","Medical Mycology Q&A: Fungal Pathogens, Drugs, & Diseases","3","Medical Microbiology and Parasitology","Medical Mycology","Year 3: Medical Mycology"
"d267894d-7e44-4048-b978-8132818f526c","CVS History & Physical Exam: Symptoms, Chest Pain & Syncope","3","Clinical Techniques","Clinical Techniques","Year 3: Clinical Techniques"
"a69b0ce3-04dd-410e-b67c-aef3375880b9","CNS History Taking & Neurological Exam Guide | Clinical Skills","3","Clinical Techniques","Clinical Techniques","Year 3: Clinical Techniques"
"682c1d25-3d6d-4508-9f72-b7304d27cdec","Complete Nutrition Science: Macronutrients & Health Foundations","3","Nutrition and Dietetics","Nutrition and Dietetics","Year 3: Nutrition & Diuretics Year 3 Notes"
"44fc681f-a206-4dd3-a5ba-22b7b1a38919","Clinical Nutrition & Dietetics: Exam Review & Core Concepts","3","Nutrition and Dietetics","Nutrition and Dietetics","Year 3: Nutrition & Diuretics Year 3 Notes"
"425c7c46-cf0a-4b37-b66b-7bf911b9cdaa","Mastering Community Health: Diagnosis, Indicators & Care Strategies","3","Community Health","Community Health","Year 3: Community Health"
"cd769b67-4dcd-4814-bd15-50ad6c9989dc","Aplastic Anemia: Causes, Symptoms & Treatment | Hematology","3","Hematology and Blood Transfusion","Blood Transfusion","Year 3: Blood Transfusion"
"7c1cc27d-4cbf-4bba-8a0f-32aa9a6e1b2d","Acute Leukaemia (AML/ALL) & WBC Disorders: Hematology Guide","3","Hematology and Blood Transfusion","Hematopathology","Year 3: Exam Hematology"
"a15874d0-3082-4e8e-8783-520e71372e63","Blood Transfusion Guide: ABO, Reactions, Products & Safety","3","Hematology and Blood Transfusion","Hematopathology","Year 3: Exam Hematology"
"f9920be0-1402-4735-947b-057bba1a6181","Balantidium Coli","2","Principles of Microbiology and Parasitology","Parasitology","Year 2: Parasitology"
"09b36161-b456-49e2-9274-0463a236aecb","High-Yield Clinical Exam Notes: Cranial Nerves, Respiratory, Cardio","3","Clinical Techniques","Clinical Techniques","Year 3: Introduction to Clinical Techniques"
"8544c7a9-8ff7-4418-a282-ddf5f2978c24","CRUSH COURSE (PART 2) Clinical Chem Patho","3","Chemical Pathology","Clinical Chemistry","Year 3: Clinical Chemistry"
"cb640a0a-7fc6-4c0f-bb17-e701fc6d7626","CRASH COURSE PART 3 CHEMICAL PATHO","3","Chemical Pathology","Clinical Chemistry","Year 3: Clinical Chemistry"
"fb705fb9-6dcb-4481-8e87-03d70dd405c0","Introduction To Genetics","2","Medical Biochemistry II","Molecular Genetics and Cytogenetics","Year 2: Molecular Genetics and Cytogenetics"
"4378a4b7-d6b5-4d1a-a7ae-7fac0b70b44c","Mutation and Mutagenesis","2","Principles of Microbiology and Parasitology","Microbiology","Year 2: Microbiology"
"31749052-13fe-462f-bb99-069f8dd8fbd5","Bactriology Course Outline","2","Principles of Microbiology and Parasitology","Microbiology","Year 2: Microbiology"
"8ec0ec59-4dc5-4ab6-a0f4-57109bea993b","Liver Histology & Physiology","2","Medical Biochemistry II","Clinical Biochemistry","Year 2: Clinical Biochemistry"
"eda8f3b7-b787-474b-9834-1491798d311c","Inhibitors of Transcription","2","Medical Biochemistry II","Molecular Biology","Year 2: Molecular Biology"
"d40e6287-f5fb-460b-ae96-542b4237a67b","LEISHMANIA","2","Principles of Microbiology and Parasitology","Parasitology","Year 2: Parasitology"
"fc988273-1e0b-4604-940f-b0f18e12a1c2","The Heme and Liver","2","Medical Biochemistry II","Clinical Biochemistry","Year 2: Clinical Biochemistry"
"05748b6d-f278-4935-a479-120e40fc2f23","Haemoflagellates: Trypanosoma, Leishmania, and Pathogenic Diseases","2","Principles of Microbiology and Parasitology","Parasitology","Year 2: Parasitology"
"218bbbaa-58ba-4f38-b6fd-5283a7f5648c","Medical Physiology Paper II MCQs","2","Medical Physiology II","Physiology","Year 2: Physiology"
"a11490bc-d00a-42a1-bce7-eea681841a70","Pinworm (Enterobius vermicularis)","2","Principles of Microbiology and Parasitology","Parasitology","Year 2: Parasitology"
"903d4bba-f2f8-48b5-91d1-7f14926b8b5b","Receptors and Growth Hormone Signaling","2","Medical Biochemistry II","Clinical Biochemistry","Year 2: Clinical Biochemistry"
"a0e9803d-b3d4-4430-a432-6d18769009be","Integrated Tissue Metabolism -LAQs and SAQs","2","Medical Biochemistry II","Clinical Biochemistry","Year 2: Clinical Biochemistry"
"af45ea86-def6-4bb0-b221-a98fa1b348ac","MBMP2300: Medical Physiology II MCQs","2","Medical Physiology II","Physiology","Year 2: Physiology"
"0b5d9a76-352f-488b-8b09-746dec02561d","Entamoeba histolytica and Amoebiasis: Life Cycle, Pathogenesis, and Treatment","2","Principles of Microbiology and Parasitology","Parasitology","Year 2: Parasitology"
"74c68d06-4cda-4429-b6b4-a82444456bf3","MBPL3822 Chemotherapy CAT 1 MCQs","3","Basic Pharmacology","Basic Pharmacology","Year 3: Basic Pharmacology II"
"c852722f-6f54-413e-b3bd-dc77dcd18cc9","Tertiary Structure of DNA","2","Medical Biochemistry II","Molecular Biology","Year 2: Molecular Biology"
"f8641a14-c482-4a5a-8a41-f8a55061701f","Department Of Medical Microbiology & Parasit.. MCQs","2","Principles of Microbiology and Parasitology","Microbiology","Year 2: Microbiology"
"d03402c0-e9df-444b-b52d-68e87c6c479b","Principles of Medical Microbiology and Parasitology LAQs & SAQs","2","Principles of Microbiology and Parasitology","Microbiology","Year 2: Microbiology"
"9a8b602a-6407-4f74-b0c3-538d02a9c185","GIT Physiology Exam Questions","2","Medical Physiology II","GIT Physiology","Year 2: GIT Physiology"
"ed7b0cd6-2501-48a3-b8e6-78c709c17bd8","Secretions of the Small Intestine and Their Control","2","Medical Physiology II","GIT Physiology","Year 2: GIT Physiology"
"05af8943-86ae-4ac1-8be9-b6f2b33d76f5","Hypothalamic Hormones: Master Regulators of the Endocrine System","2","Medical Biochemistry II","Clinical Biochemistry","Year 2: Clinical Biochemistry"
"90928b6d-74c1-4cec-95c5-64150cad7264","Renal Anatomy and Physiology","2","Medical Physiology II","Physiology","Year 2: Physiology"
"5e19ea0f-20ee-4f13-8f7e-9e89e62923db","Trichomonas Vaginalis: Understanding Trichomoniasis, Symptoms, Diagnosis, and Treatment","2","Principles of Microbiology and Parasitology","Parasitology","Year 2: Parasitology"
"023a127b-c788-4088-9a20-69fe23d6cd45","Streptococcus pneumoniae: Characteristics, Pathogenesis, and Management","2","Principles of Microbiology and Parasitology","Microbiology","Year 2: Microbiology"
"363b71ff-dd94-4602-bce7-6519126cf062","Malaria","2","Principles of Microbiology and Parasitology","Parasitology","Year 2: Parasitology"
"93f71922-610f-4899-a9d3-a6643361fd11","LECTURE 2B: Signal Transduction and Second Messengers","2","Medical Biochemistry II","Clinical Biochemistry","Year 2: Clinical Biochemistry"
"cf4f3a07-4a95-4ae8-bc83-d3ee02fdc561","Molecular Biology","2","Medical Biochemistry II","Molecular Biology","Year 2: Molecular Biology"
"ebcf6e07-6d70-45b1-ab92-292b939443f6","Clinical Significance Of Bacterial Anatomy","2","Principles of Microbiology and Parasitology","Microbiology","Year 2: Microbiology"
"bf8e3d33-733b-4890-899b-ec1b7f015986","Gastric Acid Secretion and Thyroid Disorders","2","Medical Physiology II","GIT Physiology","Year 2: GIT Physiology"
"0e9ec9e8-c5ed-47fd-afc7-05f459b73b03","Steroid and Sex Hormones","2","Medical Biochemistry II","Clinical Biochemistry","Year 2: Clinical Biochemistry"
"3572b1ca-e381-40eb-802a-c9d8cb0e3c16","Medical Bacteriology and Entomology Exam 2020/2021 MCQs","2","Principles of Microbiology and Parasitology","Microbiology","Year 2: Microbiology"
"36e5eb2c-c6cc-4730-940d-5083bb380ac7","Microbial Metabolism, Structure, and Therapeutics","2","Medical Biochemistry II","Clinical Biochemistry","Year 2: Clinical Biochemistry"
"ca7a9dd0-afd7-42c5-90bd-46db83f76135","Molecular Biology,Molecular Genetics & Microbial-Biochemistry MCQs","2","Medical Biochemistry II","Clinical Biochemistry","Year 2: Clinical Biochemistry"
"c18d0640-c63c-4078-8b87-9b6270794275","Medical Entomology Past Paper MCQs","2","Principles of Microbiology and Parasitology","Parasitology","Year 2: Parasitology"
"7eade0f6-d406-457e-b0e9-12a2a0569653","Mbmm3311 – Medical Bacteriology","2","Principles of Microbiology and Parasitology","Microbiology","Year 2: Microbiology"