id,title
"ed88bc35-df41-446d-8d78-bad3ad9f98a1","Balancing Relationships, Personal Growth, and Academic Success"
"b61a5f47-b701-4ba7-b69a-2a0cb400203b","VICTORY SCHOOL CLUB MEMBERSHIP SYSTEM, KCSE 2025 COMPUTER STUDIES PROJECT"
"d5b87adf-3eae-45f5-9baa-1a2d5a752322","The Balancing Act of Human Behavior: Navigating Common Dilemmas"
"58187e5f-f018-442c-a7e7-51654f016e23","A Fresh Start: Reflecting and Growing in 2025"
"1810c8f8-145d-4ba8-91b2-21d7c70d3b6c","GUIDELINE FOR VICTORY SCHOOL CLUB MEMBERSHIP SYSTEM"
"350a4686-1ae8-466f-acef-28eb5bc40078","The Second Man Within"
"c44322e0-d23a-40bc-8fdf-24df169da519","Victory School Club Membership System: Features & Benefits"
"9b1f90e7-bcd6-46e0-9568-af890c561829","Growing Up: Self-Discovery and Relationship Growth"
"c745e055-d4c2-4a18-9813-227e428cc671","TAKEN SO WRONG: MEETING YOURSELF"
"d1bf7785-4d74-428e-823d-8061ca70db6b","The Unseen Depths of Love: A Journey Through Intense Infatuation"
"c1c90454-8129-47ae-958e-d62825177224","I Wish I Knew"