id,title,old_category,old_unit,new_category,new_unit,bucket,confidence,reason
"ccf06f8e-b252-423a-a537-11ca0943696e","MEDICAL MYCOLOGY — SHORT ANSWER QUESTIONS","Year 3: Medical Mycology","","Year 3: Medical Microbiology and Parasitology","Medical Mycology","","high","Clean label match: raw suffix ""Medical Mycology"" maps directly to taxonomy"
"3eeeb28f-f18a-4255-889c-b505df592737","Breast Carcinoma: Understanding Types, Receptors & Treatment","Year 3: Breast Pathology","","Year 3: General & Systemic Pathology","Breast Pathology","","high","Clean label match: raw suffix ""Breast Pathology"" maps directly to taxonomy"
"499e2e1f-0b3d-4a44-be8b-acc0f89af7ac","CELLULAR INJURY AND ADAPTATION MCQs","Year 3: Gastrointestinal Pathology","","Year 3: General & Systemic Pathology","General Pathology","","high","Category is ""Gastrointestinal Pathology"" but title/content (""CELLULAR INJURY AND ADAPTATION MCQs"") is core General Pathology - reclassified"
"a576d3d9-e3ce-4338-a62f-b03f922f4589","Clinical Genetics: Master Mendelian Disorders & Molecular Basis","Year 3: Genetic Disorders","Genetic Pathology","Year 3: General & Systemic Pathology","Genetic Disorders","","high","Clean label match: raw suffix ""Genetic Disorders"" maps directly to taxonomy"
"b8b9c446-1a5b-47a1-8d49-7168ccfa8d22","Lung Pathology","Year 3: Respiratory System Pathology","","Year 3: General & Systemic Pathology","Respiratory System Pathology","","high","Clean label match: raw suffix ""Respiratory System Pathology"" maps directly to taxonomy"
"6f55be10-d2ec-4dc1-bbe5-7fe8381086b9","Master Medical Mycology: MKU Exam Guide for Fungal Diseases","Year 3: Medical Mycology","","Year 3: Medical Microbiology and Parasitology","Medical Mycology","","high","Clean label match: raw suffix ""Medical Mycology"" maps directly to taxonomy"
"c43006a9-49c5-4341-a86a-f78628d068a1","Urinary Tract Obstruction & Hydronephrosis: Causes, Symptoms","Year 3: Male Reproductive and Urinary System Pathology","","Year 3: General & Systemic Pathology","Male Reproductive and Urinary System Pathology","","high","Clean label match: raw suffix ""Male Reproductive and Urinary System Pathology"" maps directly to taxonomy"
"043d6aa5-80b6-48fb-8cf8-9ebb32ea442c","General Pathology MCQs: Fixatives, FNA, Endocrine & ARDS","Year 3: General Pathology","","Year 3: General & Systemic Pathology","General Pathology","","high","Clean label match: raw suffix ""General Pathology"" maps directly to taxonomy"
"b4960603-82c1-4098-a505-02500a98079e","Benign Breast Epithelial Lesions: Types, Risk & Pathology","Year 3: Breast Pathology","","Year 3: General & Systemic Pathology","Breast Pathology","","high","Clean label match: raw suffix ""Breast Pathology"" maps directly to taxonomy"
"ea573e98-ff38-4dd4-b216-d68cab1592b5","Stromal Tumors: Fibroadenoma & Phyllodes Tumor Pathology","Year 3: Breast Pathology","","Year 3: General & Systemic Pathology","Breast Pathology","","high","Clean label match: raw suffix ""Breast Pathology"" maps directly to taxonomy"
"7797688c-7bf5-47e5-9911-d95513648161","Breast Inflammation: Mastitis, Periductal Mastitis & Duct Ectasia","Year 3: Breast Pathology","","Year 3: General & Systemic Pathology","Breast Pathology","","high","Clean label match: raw suffix ""Breast Pathology"" maps directly to taxonomy"
"7f72709b-62ae-4234-b0b6-478d053ac684","ACID-BASE DISORDERS - CLINICAL CASE MCQs","Year 3: Respiratory System Pathology","","Year 3: Chemical Pathology","Clinical Chemistry","","high","Category is ""Respiratory System Pathology"" but content (""ACID-BASE DISORDERS - CLINICAL CASE MCQs"", Winter's formula/anion gap) is Clinical Chemistry - reclassified"
"d8fa9c92-78cc-43cc-91e0-a731208ec3b8","Renal Vascular Diseases: Nephrosclerosis & Renal Artery Stenosis","Year 3: Male Reproductive and Urinary System Pathology","","Year 3: General & Systemic Pathology","Male Reproductive and Urinary System Pathology","","high","Clean label match: raw suffix ""Male Reproductive and Urinary System Pathology"" maps directly to taxonomy"
"b13a3a5a-ceb4-49cc-a1c0-ef516fba3c9c","Pigmentation & Melanocyte Disorders: Nevi, Freckles Pathology","Year 3: Breast Pathology","","Year 3: General & Systemic Pathology","Dermatopathology","","high","Override #2: content is Pigmentation & Melanocyte Disorders (nevi, freckles) - pure skin pathology mislabeled as Breast Pathology"
"584b467c-0606-4c0e-aa8f-040d83421e0c","Community Health: Principles, Concepts & Diagnosis Guide","Year 3: Community Health","","Year 3: Community Health","Community Health","","high","Clean label match: raw suffix ""Community Health"" maps directly to taxonomy"
"9f8daef9-7582-4f7d-8f23-a5588b663adf","Blood Transfusion: ABO, Rh Blood Groups, Compatibility & HDN","Year 3: Blood Transfusion","","Year 3: Hematology and Blood Transfusion","Blood Transfusion","","high","Clean label match: raw suffix ""Blood Transfusion"" maps directly to taxonomy"
"ef1a7f99-7653-4535-b148-19e8877c2075","Haemostasis & Coagulation: Platelet Function & Bleeding Disorders","Year 3: Blood Transfusion","","Year 3: Hematology and Blood Transfusion","Hematopathology","","medium","Category is ""Blood Transfusion"" but content (""Haemostasis & Coagulation: Platelet Function & Bleeding Disorders"", MBML3223 NOTE 1) covers hemostasis/coagulation/platelet/bleeding disorders which fit Hematopathology (blood-disorder pathology) better than Blood Transfusion (transfusion-practice); reclassified for consistency with similar content elsewhere"
"fcf197c0-b3ae-4473-baab-d88da4b5f839","Blood Transfusion Contraindications & Acute Reactions","Year 3: Hematopathology","","Year 3: Hematology and Blood Transfusion","Blood Transfusion","","high","Category is ""Hematopathology"" but content (""Blood Transfusion Contraindications & Acute Reactions"") is Blood Transfusion - reclassified"
"bc64a3fa-c99f-419d-b818-47c0898a9881","Medical Mycology: Fungi Properties, Benefits & Harmful Effects","Year 3: Medical Mycology","","Year 3: Medical Microbiology and Parasitology","Medical Mycology","","high","Clean label match: raw suffix ""Medical Mycology"" maps directly to taxonomy"
"9f8419f9-27e7-4b17-89fc-545036a916c7","Oncopathology MCQs: Test Your Knowledge on Cancer Pathology","Year 3: Oncopathology","","Year 3: General & Systemic Pathology","Oncopathology","","high","Clean label match: raw suffix ""Oncopathology"" maps directly to taxonomy"
"ea279fe7-551d-4c87-b985-323ac6fb97b6","Medical Fungi: Classification, Morphology, Reproduction & Spores","Year 3: Medical Mycology","","Year 3: Medical Microbiology and Parasitology","Medical Mycology","","high","Clean label match: raw suffix ""Medical Mycology"" maps directly to taxonomy"
"f67e2004-1de6-4b84-ae7a-8693051de36d","Mycoses: Fungal Pathogenesis, Virulence & Host Immune Defense","Year 3: Medical Mycology","","Year 3: Medical Microbiology and Parasitology","Medical Mycology","","high","Clean label match: raw suffix ""Medical Mycology"" maps directly to taxonomy"
"7dade3ab-bf8f-4424-8b45-7d0a4f8ff5f9","DISORDERS OF THE LOWER URINARY TRACT — Revision Notes","Year 3: Male Reproductive and Urinary System Pathology","","Year 3: General & Systemic Pathology","Male Reproductive and Urinary System Pathology","","high","Clean label match: raw suffix ""Male Reproductive and Urinary System Pathology"" maps directly to taxonomy"
"59384604-9e23-49c8-8599-d1dcd764c66f","GASTROINTESTINAL PATHOLOGY (Part 1)","Year 3: General Pathology","","Year 3: General & Systemic Pathology","Gastrointestinal Pathology","","high","Category is ""General Pathology"" but title/content (""GASTROINTESTINAL PATHOLOGY Part 1"") is GI Pathology - reclassified"
"ac1c4907-be3b-4a36-9bd4-5040dae4bdfc","Gastrointestinal System: Symptoms, Diseases, & VINDICATE Guide","Year 3: Introduction to Clinical Techniques","","Year 3: General & Systemic Pathology","Gastrointestinal Pathology","","medium","Category is ""Introduction to Clinical Techniques"" but content is GI disease classification via the VINDICATE mnemonic (vascular/infectious/neoplastic/etc. causes of GI disease) - disease content, not an exam-technique/history-taking skill; reclassified to GI Pathology"
"aff56e70-80d0-4e82-9dac-d3d734d194b8","Mastering Joint Pathology: Arthritis, OA & Joint Anatomy","Year 3: Bone and Soft Tissue Pathology","","Year 3: General & Systemic Pathology","Bone and Soft Tissue Pathology","","high","Clean label match: raw suffix ""Bone and Soft Tissue Pathology"" maps directly to taxonomy"
"ec0d95b4-aceb-409d-bbef-f15088fe1210","Disorders of the Vagina and Breast","Year 3: Breast Pathology","","Year 3: General & Systemic Pathology","Breast Pathology","","medium","Multi-topic: ""Disorders of the Vagina and Breast"" - Breast section (fibrocystic change/mastitis/fibroadenoma/phyllodes/carcinoma/male breast, ~8.6k chars) much larger than Vagina section (vaginitis/vaginal neoplasms, ~3.5k chars). Breast Pathology dominant by volume."
"0f5655da-913d-400f-8032-4b8ca98abc11","General Pathology MCQs: Cancer, Tumors & Molecular Path Review","Year 3: General Pathology","","Year 3: General & Systemic Pathology","Oncopathology","","high","Category is ""General Pathology"" but title (""General Pathology MCQs: Cancer, Tumors & Molecular Path Review"") is Oncopathology content - reclassified"
"88e06805-a632-4109-bf3d-0bb895aec903","ACIDOSIS AND ALKALOSIS MCQs","Year 3: Hematopathology","","Year 3: Chemical Pathology","Clinical Chemistry","","high","Category is ""Hematopathology"" but content (""ACIDOSIS AND ALKALOSIS MCQs"") is acid-base/Clinical Chemistry - reclassified"
"e575f1a9-e85a-44c6-bd30-ff6f5b64fc66","General Clinical Examination: Revision Notes & Key Signs","Year 3: Introduction to Clinical Techniques","","Year 3: Clinical Techniques","Introduction to Clinical Techniques","","high","Clean label match: raw suffix ""Introduction to Clinical Techniques"" maps directly to taxonomy"
"22888b16-2692-490d-b7d9-2744c58bda25","Defects in DNA Repair and Replication","Year 3: Hematopathology","","Year 3: General & Systemic Pathology","Genetic Disorders","","high","Category is ""Hematopathology"" but content (""Defects in DNA Repair and Replication"") is molecular genetics/cancer predisposition - Genetic Disorders, reclassified (sickle cell used only as an illustrative missense-mutation example)"
"bf8d8ef7-164e-4ac0-835a-ab75e875e0dc","Cardiovascular Disease and Biochemical Markers MCQs","Year 3: Cardiovascular System Pathology","","Year 3: General & Systemic Pathology","Cardiovascular System Pathology","","high","Clean label match: raw suffix ""Cardiovascular System Pathology"" maps directly to taxonomy"
"6f718a71-1dba-4e1c-be05-7ec825034b7c","MKU MBChB Year III Exam Timetable: Medicine & Surgery Revision 2026","Year 3: Exam Timetable","","","","reference","high","Exam Timetable document - not a course unit"
"ac44d724-0955-4975-910b-aae0148879cb","Medical Virology: Adenoviruses, Hemorrhagic Fever & Viral Receptors","Year 3: Must Know Virology","","Year 3: Medical Microbiology and Parasitology","Medical Virology","","high","Content confirmed Medical Virology (adenoviruses, hemorrhagic fever, viral receptors)"
"ee5492ab-fb9e-4dd9-829b-ee6a57e23ee4","Platelet Disorders","Year 3: Hematopathology","","Year 3: Hematology and Blood Transfusion","Hematopathology","","high","Clean label match: raw suffix ""Hematopathology"" maps directly to taxonomy"
"dfdea184-a929-46dd-a20e-7a637d93119f","Pathology of Demyelinating Diseases: MS, NMO, ADEM, CPM","Year 3: Neuropathology","","Year 3: General & Systemic Pathology","Neuropathology","","high","Clean label match: raw suffix ""Neuropathology"" maps directly to taxonomy"
"ec93296f-fe45-4170-a72d-01f09e256997","Bone & Soft Tissue Pathology: Cases, Tumors, & Answers","Year 3: Bone and Soft Tissue Pathology","","Year 3: General & Systemic Pathology","Bone and Soft Tissue Pathology","","high","Clean label match: raw suffix ""Bone and Soft Tissue Pathology"" maps directly to taxonomy"
"f5193605-b074-4436-b9c8-03a43e11e9b8","Medical Virology: Parvovirus B19 & Adenovirus Exam Guide","Year 3: Medical Virology","","Year 3: Medical Microbiology and Parasitology","Medical Virology","","high","Clean label match: raw suffix ""Medical Virology"" maps directly to taxonomy"
"1992a755-7359-4c4d-b30c-805144e0855a","Neuropathology Essentials: Edema, Hydrocephalus, Brain Herniation","Year 3: Neuropathology","","Year 3: General & Systemic Pathology","Neuropathology","","high","Clean label match: raw suffix ""Neuropathology"" maps directly to taxonomy"
"5dc964a2-6440-4814-ac75-9fdfb9410821","CARDIOVASCULAR PATHOLOGY","Year 3: Cardiovascular System Pathology","","Year 3: General & Systemic Pathology","Cardiovascular System Pathology","","high","Clean label match: raw suffix ""Cardiovascular System Pathology"" maps directly to taxonomy"
"3f1134e7-2fc3-4b15-8451-eef4d150c7ac","Master Rhinoviruses & RVFV: Common Cold & Zoonotic Fever","Year 3: Medical Virology","","Year 3: Medical Microbiology and Parasitology","Medical Virology","","high","Clean label match: raw suffix ""Medical Virology"" maps directly to taxonomy"
"3041fa92-88bc-47e4-990a-804517da7f5c","ENDOCRINE PATHOLOGY","Year 3: Endocrine and Metabolic Pathology","","Year 3: General & Systemic Pathology","Endocrine and Metabolic Pathology","","high","Clean label match: raw suffix ""Endocrine and Metabolic Pathology"" maps directly to taxonomy"
"3b3ab8d9-1b8a-4fe1-b913-8ac369842086","Antifungals, Antivirals, Antihelminthics & Antiprotozoals","Year 3: Basic Pharmacology II","","Year 3: Basic Pharmacology","Basic Pharmacology","","high","Clean label match: raw suffix ""Basic Pharmacology II"" maps directly to taxonomy"
"2470032d-1454-42ac-a081-f6e37998dd7f","Medical Mycology Q&A Section A.. ","Year 3: Medical Mycology","","Year 3: Medical Microbiology and Parasitology","Medical Mycology","","high","Clean label match: raw suffix ""Medical Mycology"" maps directly to taxonomy"
"52fe3a7a-fab3-4829-92c4-31d66493091f","Medical Mycology Q&A Section B","Year 3: Medical Mycology","","Year 3: Medical Microbiology and Parasitology","Medical Mycology","","high","Clean label match: raw suffix ""Medical Mycology"" maps directly to taxonomy"
"7ffd5f08-b8a9-4cdd-aa5a-71bb34364401","Pathology Mechanisms: Inflammation, PE, & Impaired Healing","Year 3: Introduction to Pathology","","Year 3: General & Systemic Pathology","General Pathology","","high","Clean label match: raw suffix ""Introduction to Pathology"" maps directly to taxonomy"
"4d7edcf6-517a-4eb9-8dcc-226d602931d8","MASTER PHARMACOLOGY NOTES","Year 3: Basic Pharmacology II","","Year 3: Basic Pharmacology","Basic Pharmacology","","high","Clean label match: raw suffix ""Basic Pharmacology II"" maps directly to taxonomy"
"db5b04d0-cb30-41ac-ba2a-2cbc15048d33","Medical Mycology Q&A Section C","Year 3: Medical Mycology","","Year 3: Medical Microbiology and Parasitology","Medical Mycology","","high","Clean label match: raw suffix ""Medical Mycology"" maps directly to taxonomy"
"e4e9c1e8-45a6-4154-8b27-1c48664603a3","Hallmarks of Cancer: Molecular Basis, Cell Cycle & Oncogenes","Year 3: General Pathology","","Year 3: General & Systemic Pathology","Oncopathology","","high","Category is ""General Pathology"" but title (""Hallmarks of Cancer: Molecular Basis, Cell Cycle & Oncogenes"") is Oncopathology - reclassified"
"c0e8fd68-19b6-4a17-9638-efc3ba77c4ef","Immunopathology Exam: SCID, Transplant Rejection & GVHD","Year 3: Immunopathology","","Year 3: Immunopathology","Immunopathology","","high","Clean label match: raw suffix ""Immunopathology"" maps directly to taxonomy"
"394388b1-8286-4802-9626-bff8811384e9","Comprehensive Heart Pathology Notes 🫀","Year 3: Cardiovascular System Pathology","","Year 3: General & Systemic Pathology","Cardiovascular System Pathology","","high","Clean label match: raw suffix ""Cardiovascular System Pathology"" maps directly to taxonomy"
"007ff8a1-d840-49c7-9424-2a02f1024930","Heart Pathology: Comprehensive Short Notes","Year 3: Cardiovascular System Pathology","","Year 3: General & Systemic Pathology","Cardiovascular System Pathology","","high","Clean label match: raw suffix ""Cardiovascular System Pathology"" maps directly to taxonomy"
"b7fc81fe-ee11-4126-a7a3-e2e4b9a512c8","Herpesviridae: HSV-1, HSV-2 Pathogenesis & Clinical Diseases","Year 3: Medical Virology","","Year 3: Medical Microbiology and Parasitology","Medical Virology","","high","Clean label match: raw suffix ""Medical Virology"" maps directly to taxonomy"
"061820bb-1f88-4a1c-ac40-577c1762347c","General & Systemic Pathology SAQ — Paper II","Year 3: Exam General and Systemic Pathology","","Year 3: General & Systemic Pathology","General Pathology","","medium","Broad multi-system SAQ paper (neural tube defects/Neuro, carcinogenesis/Onco, genetics, oedema/general, glomerular injury/renal, atherosclerosis/cardio, liver cirrhosis/GI, diabetes/endocrine, fracture healing/bone - all roughly equal weight, no single dominant subunit). Used General Pathology as the default/comprehensive-exam bucket per taxonomy guidance."
"c9a18250-7c66-4fee-a1e8-317cbbe14abf","Medical Microbiology III Exam: Viruses, Fungi & Diagnosis","Year 3: Exam Medical Microbiology III","","Year 3: Medical Microbiology and Parasitology","Medical Mycology","","low","Multi-topic, near-even split: huge combined exam-paper compilation (74.8k chars) with viral keyword mentions (136) almost exactly matching fungal keyword mentions (138) - title itself says ""Viruses, Fungi & Diagnosis"". Picked Medical Mycology by the slimmest margin; genuinely a coin-flip, needs manual split."
"5b0663cd-3e2b-4287-b206-956a738e0713","High-Yield Medical Mycology: Top CAT Exam Questions & Drugs","Year 3: Medical Mycology","","Year 3: Medical Microbiology and Parasitology","Medical Mycology","","high","Clean label match: raw suffix ""Medical Mycology"" maps directly to taxonomy"
"e486f428-24cb-44b7-9113-a82f877481e8","Specimen and Sample Handling in Clinical Diagnosis","Year 3: Chemical Pathology","","Year 3: Chemical Pathology","Chemical Pathology","","high","Clean label match: raw suffix ""Chemical Pathology"" maps directly to taxonomy"
"90467770-9f70-4027-b637-d23f2ffb743e","Master Blood Transfusion: A Medical Quiz on Reactions & Tests","Year 3: Blood Transfusion","","Year 3: Hematology and Blood Transfusion","Blood Transfusion","","high","Clean label match: raw suffix ""Blood Transfusion"" maps directly to taxonomy"
"17dc932c-7f44-4ca6-ba57-18c104110ea2","Histopathology & Cytopathology: Tissue Fixation & Exam Guide","Year 3: Histopathology & Cytopathology:","","Year 3: General & Systemic Pathology","Histopathology & Cytopathology","","high","Clean label match: raw suffix ""Histopathology & Cytopathology:"" maps directly to taxonomy"
"e0aa7e9d-ec9f-418b-944d-e6a2fa233d24","Liver Function Tests (LFTs)","Year 3: Chemical Pathology","","Year 3: Chemical Pathology","Chemical Pathology","","high","Clean label match: raw suffix ""Chemical Pathology"" maps directly to taxonomy"
"46131691-6afb-43f5-8c61-2a5bdeb50a46","MYCOLOGY MCQs — Complete Bank","Year 3: Medical Mycology","","Year 3: Medical Microbiology and Parasitology","Medical Mycology","","high","Clean label match: raw suffix ""Medical Mycology"" maps directly to taxonomy"
"1ebc9918-6ee2-452d-85a4-c1c75ba87939","EXAM: Vaccines & Antivirals, Rabies, CMV & EBV, Adenovirus & Enteroviruses","Year 3: Medical Virology","","Year 3: Medical Microbiology and Parasitology","Medical Virology","","high","Clean label match: raw suffix ""Medical Virology"" maps directly to taxonomy"
"ecd7be8b-3eba-47e8-8b98-5511d8262d64","EXAM: Hepatitis Viruses, Oncogenic Viruses, Paramyxoviruses & Arboviruses","Year 3: Medical Virology","","Year 3: Medical Microbiology and Parasitology","Medical Virology","","high","Clean label match: raw suffix ""Medical Virology"" maps directly to taxonomy"
"64d58490-0228-4109-8d96-35105b3feff9","Chemical Pathology Practice Examination","Year 3: General Pathology","","Year 3: Chemical Pathology","Chemical Pathology","","high","Category is ""General Pathology"" but title (""Chemical Pathology Practice Examination"") is Chemical Pathology - reclassified"
"8183904a-f139-497f-a8fc-2aee150f4017","Immunopathology Cat: Hypersensitivity & Anaphylaxis MCQs","Year 3: Immunopathology","","Year 3: Immunopathology","Immunopathology","","high","Clean label match: raw suffix ""Immunopathology"" maps directly to taxonomy"
"558d5138-78da-426b-a7c3-555c9b97e59a","Pharmacology Examination MCQs","Year 3: Basic Pharmacology II","","Year 3: Basic Pharmacology","Basic Pharmacology","","high","Clean label match: raw suffix ""Basic Pharmacology II"" maps directly to taxonomy"
"6bcccc1c-b6cc-4556-835a-13d9195e057c","Congenital Heart Disease","Year 3: Cardiovascular System Pathology","","Year 3: General & Systemic Pathology","Cardiovascular System Pathology","","high","Clean label match: raw suffix ""Cardiovascular System Pathology"" maps directly to taxonomy"
"e6040970-8c63-4206-9305-1bfd107d78cc","EXAM: Bacteriophages, Laboratory Diagnosis, HPV & Parvovirus B19","Year 3: Medical Virology","","Year 3: Medical Microbiology and Parasitology","Medical Virology","","high","Clean label match: raw suffix ""Medical Virology"" maps directly to taxonomy"
"ea5add0f-cd75-44f4-adb3-cb2ac33ef717","Pathology CAT 1: Cell Injury, Metaplasia & Hypoxia Q&A","Year 3: Introduction to Pathology","","Year 3: General & Systemic Pathology","General Pathology","","high","Clean label match: raw suffix ""Introduction to Pathology"" maps directly to taxonomy"
"ce08bfa7-871f-4b12-991e-851a2035d771","ONCOPATHOLOGY MCQs - HALLMARKS OF CANCER","Year 3: General Pathology","","Year 3: General & Systemic Pathology","Oncopathology","","high","Category is ""General Pathology"" but title (""ONCOPATHOLOGY MCQs - HALLMARKS OF CANCER"") is Oncopathology - reclassified"
"b22c8ae8-0aaf-448c-a6ec-b1f921666235","MBChB Year 3 Medical Virology Exam Notes: HSV, CMV, EBV","Year 3: Medical Virology","","Year 3: Medical Microbiology and Parasitology","Medical Virology","","high","Clean label match: raw suffix ""Medical Virology"" maps directly to taxonomy"
"ef61c80e-1e66-4624-a4a6-7192ee43d8a3","Introduction to Oncology: History, Genetics & Immuno-oncology","Year 3: Basic Pharmacology II","","Year 3: Basic Pharmacology","Basic Pharmacology","","high","Clean label match: raw suffix ""Basic Pharmacology II"" maps directly to taxonomy"
"f63f63da-62cb-4d72-9809-83357c256c06","Oncopathology Explained CAT : Cancer Hallmarks, Carcinogens & Tumors","Year 3: Oncopathology","Oncopathology","Year 3: General & Systemic Pathology","Oncopathology","","high","Clean label match: raw suffix ""Oncopathology"" maps directly to taxonomy"
"1d8d64ce-a99a-4a9a-a5ed-8dddd9fe22c0","MEDICAL MYCOLOGY — LONG ANSWER QUESTIONS","Year 3: Medical Mycology","","Year 3: Medical Microbiology and Parasitology","Medical Mycology","","high","Clean label match: raw suffix ""Medical Mycology"" maps directly to taxonomy"
"cf20af6c-cd88-4dfb-be92-1a8122520772","Cryptococcal Meningitis: Symptoms, Causes & Fungal Treatment","Year 3: Exam Medical Microbiology III","","Year 3: Medical Microbiology and Parasitology","Medical Mycology","","high","Content is dominated by Cryptococcosis/Cryptococcal meningitis (fungal) discussion; brief prion/viral-encephalitis questions are marked ""(2 repeats - refer to previous answer)"" i.e. not elaborated. Title (""Cryptococcal Meningitis... Fungal Treatment"") confirms Medical Mycology."
"1d281c24-b5a8-4ff7-9c61-94310fe2139f","MKU Medical Virology Exam Guide: HIV, CMV, Vaccines & More","Year 3: Medical Virology","","Year 3: Medical Microbiology and Parasitology","Medical Virology","","high","Clean label match: raw suffix ""Medical Virology"" maps directly to taxonomy"
"5dc38c34-df55-4204-9425-fc7fcb210f19","Gastrointestinal Pathology Exam: H. pylori, Barrett's, Anomalies","Year 3: Gastrointestinal Pathology","","Year 3: General & Systemic Pathology","Gastrointestinal Pathology","","high","Clean label match: raw suffix ""Gastrointestinal Pathology"" maps directly to taxonomy"
"50dbd673-dc01-4f1a-9429-8de8dc035725","Oncology: Surgery, Radiotherapy & Chemotherapy Explained","Year 3: Basic Pharmacology II","","Year 3: Basic Pharmacology","Basic Pharmacology","","high","Clean label match: raw suffix ""Basic Pharmacology II"" maps directly to taxonomy"
"99e6fa6d-0567-4972-a637-96e100819790","Outline of Female Reproductive Pathology","Year 3: General Pathology","","Year 3: General & Systemic Pathology","Female Reproductive System Pathology","","high","Category is ""General Pathology"" but title (""Outline of Female Reproductive Pathology"") is Female Reproductive System Pathology - reclassified"
"eb948af9-2b1c-4e77-961c-b2994e180a8f","Cancer Pharmacology: Cell Cycle, Oncogenes & Drug Targets","Year 3: Basic Pharmacology II","","Year 3: Basic Pharmacology","Basic Pharmacology","","high","Clean label match: raw suffix ""Basic Pharmacology II"" maps directly to taxonomy"
"fe23f6a7-e01d-4b5d-9ac8-cf78b973cb88","Cell Cycle & Chemotherapy: Drug Mechanisms & Phases","Year 3: Basic Pharmacology II","","Year 3: Basic Pharmacology","Basic Pharmacology","","high","Clean label match: raw suffix ""Basic Pharmacology II"" maps directly to taxonomy"
"0d31a817-1830-47fa-b52a-3fac1bc3c117","Head & Neck Pathology MCQs: Oral, Ear, Throat & Gland Tumors","Year 3: Head & Neck Pathology","","Year 3: General & Systemic Pathology","Head & Neck Pathology","","high","Clean label match: raw suffix ""Head & Neck Pathology"" maps directly to taxonomy"
"94108dad-7d21-421f-9801-4acb35332f18","ONCOPATHOLOGY - SHORT ANSWER QUESTIONS (SAQs)","Year 3: General Pathology","","Year 3: General & Systemic Pathology","Oncopathology","","high","Category is ""General Pathology"" but title (""ONCOPATHOLOGY - SHORT ANSWER QUESTIONS"") is Oncopathology - reclassified"
"89c47275-d9c4-43ff-b89d-52bb93d36599","-Know Sickle Cell Disease: Pathology, Genetics & Mechanisms","Year 3: Hematopathology","","Year 3: Hematology and Blood Transfusion","Hematopathology","","high","Clean label match: raw suffix ""Hematopathology"" maps directly to taxonomy"
"4f30c9ff-3a67-4455-8bf4-ede1f6148987","Lower Urinary Tract & Ureter Pathology: Obstruction & Tumors","Year 3: Male Reproductive and Urinary System Pathology","","Year 3: General & Systemic Pathology","Male Reproductive and Urinary System Pathology","","high","Clean label match: raw suffix ""Male Reproductive and Urinary System Pathology"" maps directly to taxonomy"
"9ef3c5cd-004e-4b7d-af80-899f384ec14a","Pathology MCQs: Cell Injury, Cell Death, and Adaptations","Year 3: General Pathology","","Year 3: General & Systemic Pathology","General Pathology","","high","Clean label match: raw suffix ""General Pathology"" maps directly to taxonomy"
"5f937a40-812a-42ae-ac53-a4f8c4c4e386","Chemical Pathology: Endocrine Cases, Pituitary & Thyroid Q&A","Year 3: Chemical Pathology","","Year 3: Chemical Pathology","Chemical Pathology","","high","Clean label match: raw suffix ""Chemical Pathology"" maps directly to taxonomy"
"f80d97cf-4334-45df-891e-64a4bfea6491"," Transfusion: Governance, Donor Selection & Blood Groups","Year 3: Junior Clerkship - General Pathology I","","Year 3: Hematology and Blood Transfusion","Blood Transfusion","","high","Category is ""Junior Clerkship - General Pathology I"" but content (""Transfusion: Governance, Donor Selection & Blood Groups"") is clearly Blood Transfusion - reclassified"
"cc1370f6-e8c7-4e3e-ac00-cfa10e577f2a","Cerebrovascular Disease: Stroke, Ischemia & Hemorrhage Explained","Year 3: Neuropathology","","Year 3: General & Systemic Pathology","Neuropathology","","high","Clean label match: raw suffix ""Neuropathology"" maps directly to taxonomy"
"656c382f-db9f-4048-a720-a5d759707f4a","Chemical Pathology MCQs","Year 3: Endocrine and Metabolic Pathology","","Year 3: Chemical Pathology","Clinical Chemistry","","high","Title/category say Endocrine but content is entirely Clinical Chemistry MCQs (BMP, liver function, electrolytes) - reclassified"
"7a528db0-4b22-4d38-a889-0b66d3109b7b","Skin & Breast Pathology MCQs: Dermatological Lesions & Diseases","Year 3: Female Reproductive System Pathology","","Year 3: General & Systemic Pathology","Dermatopathology","","high","Category is ""Female Reproductive System Pathology"" but content is the joint ""MBPA 3536B Skin and Breast Pathology"" CAT exam, and skin-related mentions (73) vastly outnumber breast-related mentions (14) - override #2 logic applied, reclassified to Dermatopathology"
"3e3824f4-922e-4ee7-aa1b-827f30a63811","Acute Tubular Injury (ATI): AKI Causes, Pathology & Prognosis","Year 3: Male Reproductive and Urinary System Pathology","","Year 3: General & Systemic Pathology","Male Reproductive and Urinary System Pathology","","high","Clean label match: raw suffix ""Male Reproductive and Urinary System Pathology"" maps directly to taxonomy"
"cc71fad9-bd09-46ff-880b-2bf3639d208c","CVS History, Physical Exam & ECG: Master Clinical Assessment","Year 3: Introduction to Clinical Techniques","","Year 3: Clinical Techniques","Introduction to Clinical Techniques","","high","Clean label match: raw suffix ""Introduction to Clinical Techniques"" maps directly to taxonomy"
"f0919406-1c17-468e-ad04-63ed01b065fd","Chemical Pathology","Year 3: Chemical Pathology","","Year 3: Chemical Pathology","Chemical Pathology","","high","Clean label match: raw suffix ""Chemical Pathology"" maps directly to taxonomy"
"91f930be-0d43-4888-8330-a2ec540c3f29","Bladder Cancer & Urothelial Neoplasms: Types, Risks, Pathogenesis","Year 3: Male Reproductive and Urinary System Pathology","","Year 3: General & Systemic Pathology","Male Reproductive and Urinary System Pathology","","high","Clean label match: raw suffix ""Male Reproductive and Urinary System Pathology"" maps directly to taxonomy"
"c22b7ee9-6698-4359-bfe9-062d89fc548b","Pharmacology END SEM 3CAT: Drug Response, Bioavailability & Antifungals","Year 3 : Basic Pharmacology III","","Year 3: Basic Pharmacology","Basic Pharmacology","","high","Clean label match: raw suffix ""Basic Pharmacology III"" maps directly to taxonomy"
"3894745c-5fbf-4ef5-bcd3-5219ee7553db","Pharmacology Wk 1 & 2","Year 3: Basic Pharmacology III","","Year 3: Basic Pharmacology","Basic Pharmacology","","high","Clean label match: raw suffix ""Basic Pharmacology III"" maps directly to taxonomy"
"68641b6b-7c93-4e05-9bbc-b280891e9124","PATHOLOGY MCQs: CELL INJURY, DEATH, AND ADAPTATIONS","Year 3: General Pathology","","Year 3: General & Systemic Pathology","General Pathology","","high","Clean label match: raw suffix ""General Pathology"" maps directly to taxonomy"
"69cdc7a8-1b2a-441a-ab60-9956fd966818","INTRODUCTION TO NEOPLASIA MCQs","Year 3: General Pathology","","Year 3: General & Systemic Pathology","General Pathology","","medium","""INTRODUCTION TO NEOPLASIA MCQs"" - foundational neoplasia nomenclature/concepts typically taught as part of General Pathology intro chapter rather than the specialized Oncopathology (molecular/cancer-biology) course; kept as General Pathology, borderline with Oncopathology"
"b61441a2-fce2-4e1e-b47a-501dc3947850","Oncopathology Hallmarks of Cancer MCQs","Year 3: General Pathology","","Year 3: General & Systemic Pathology","Oncopathology","","high","Category is ""General Pathology"" but title (""Oncopathology Hallmarks of Cancer MCQs"") is Oncopathology - reclassified"
"0171a092-e53c-4985-8d96-dcdd57f4b54f","CNS Pathology: Neuron & Astrocyte Injury, Reactions & Neurodegeneration","Year 3: Neuropathology","","Year 3: General & Systemic Pathology","Neuropathology","","high","Clean label match: raw suffix ""Neuropathology"" maps directly to taxonomy"
"b144c6eb-9d22-48a0-b811-93c6ddda1786","General Pathology","Year 3: General Pathology","","Year 3: General & Systemic Pathology","General Pathology","","high","Clean label match: raw suffix ""General Pathology"" maps directly to taxonomy"
"eeb34078-9794-4228-90f0-44da0fb3fd58","Pathology of Acute Skin Inflammation: Urticaria & Eczema","Year 3: Breast Pathology","","Year 3: General & Systemic Pathology","Dermatopathology","","high","Override #2: content is Acute Skin Inflammation (urticaria, eczema) - pure skin pathology mislabeled as Breast Pathology"
"e5570ce6-84b0-4141-b124-18f49aa946bd","💊 Weeks 6 & 7 Must-Know Notes","Year 3: Basic Pharmacology III","","Year 3: Basic Pharmacology","Basic Pharmacology","","high","Clean label match: raw suffix ""Basic Pharmacology III"" maps directly to taxonomy"
"1459bd9f-cdf0-44ee-9e02-0b4e85caddb8","Breast Pathology: Developmental Disorders, Pain, Discharge, Masses","Year 3: Breast Pathology","","Year 3: General & Systemic Pathology","Breast Pathology","","high","Clean label match: raw suffix ""Breast Pathology"" maps directly to taxonomy"
"ef90d847-3636-44bc-86be-5d26d798be91","🫀 MISSING TOPICS — ULTRA DEEP NOTES","Year 3: Cardiovascular System Pathology","","Year 3: General & Systemic Pathology","Cardiovascular System Pathology","","high","Clean label match: raw suffix ""Cardiovascular System Pathology"" maps directly to taxonomy"
"a9f7c42f-1831-49af-8ea1-29172e7a15b5","ONCOPATHOLOGY MCQ EXAMINATION HAllmarks of Cancer 1,2 &amp;3","Year 3: General Pathology","","Year 3: General & Systemic Pathology","Oncopathology","","high","Category is ""General Pathology"" but title (""ONCOPATHOLOGY MCQ EXAMINATION Hallmarks of Cancer"") is Oncopathology - reclassified"
"fd646601-7f6e-4e59-a6e2-80269b0b6098","Herpesviridae: HSV-1, HSV-2, VZV Pathogenesis, Diagnosis, Treatment","Year 3: Medical Virology","","Year 3: Medical Microbiology and Parasitology","Medical Virology","","high","Clean label match: raw suffix ""Medical Virology"" maps directly to taxonomy"
"f7b1ba96-9487-4124-95f4-3a8bf4938f93","Infectious Arthritis: Bacterial, TB & Viral Joint Infections","Year 3: Bone and Soft Tissue Pathology","","Year 3: General & Systemic Pathology","Bone and Soft Tissue Pathology","","high","Clean label match: raw suffix ""Bone and Soft Tissue Pathology"" maps directly to taxonomy"
"3760740f-f17c-45e1-ab0e-4942df60d09c","Neurochemistry Test – Questions and Answers","Year 3: Endocrine and Metabolic Pathology","","Year 3: Chemical Pathology","Chemical Pathology","","low","Content is Neurochemistry (MBMB2234, neurotransmitters e.g. ""runner's high"") - a Medical Biochemistry II topic not clearly covered by the given Year 3 taxonomy. No clean fit; filed under Chemical Pathology (biochemistry-adjacent) as closest analog. Recommend site owner review - may be a Year 2 Biochemistry course mislabeled as Year 3."
"d195783a-fb87-414c-82d6-8bf1ee361c4f","Herpesviruses: HSV-1, HSV-2, VZV, Symptoms, Diagnosis, Tx","Year 3: Medical Virology","","Year 3: Medical Microbiology and Parasitology","Medical Virology","","high","Clean label match: raw suffix ""Medical Virology"" maps directly to taxonomy"
"e2f0610f-8534-4830-adcf-467f33b027b0","50 Multiple Choice Questions","Year 3: Endocrine and Metabolic Pathology","","Year 3: General & Systemic Pathology","General Pathology","","high","Title/category say Endocrine but content is ""Cellular Responses to Stress and Toxic Insults"" (Robbins Ch.1, cellular adaptations) - core General Pathology topic, reclassified"
"ee8c269e-f49e-4b62-a75b-a6c564f51f5a","LIPID AND LIPOPROTEIN DISORDERS MCQs","Year 3: Endocrine and Metabolic Pathology","","Year 3: Chemical Pathology","Clinical Chemistry","","high","Title/category say Endocrine but content is Lipid and Lipoprotein Disorders MCQs (VLDL/LDL/HDL/chylomicrons) - Clinical Chemistry topic, reclassified"
"8eed6952-b901-478b-9a3a-1cdd94d50fce","LECTURE 6: Pancreatic and Adrenal Hormones","Year 3: Endocrine and Metabolic Pathology","","Year 3: General & Systemic Pathology","Endocrine and Metabolic Pathology","","high","Clean label match: raw suffix ""Endocrine and Metabolic Pathology"" maps directly to taxonomy"
"d433fddc-e909-4503-93f4-1a7c78f835e1","Haematopathology MCQs: Blood Disorders & Anemia Explained","Year 3 : Hematopathology","","Year 3: Hematology and Blood Transfusion","Hematopathology","","high","Clean label match: raw suffix ""Hematopathology"" maps directly to taxonomy"
"72488117-a7e1-4c85-9812-3f609eb13b8c","Chemical Pathology","Year 3: Hematopathology","","Year 3: Hematology and Blood Transfusion","Hematopathology","","high","Title says ""Chemical Pathology"" but content is entirely hematology case questions (anaemia, thalassemia, myeloma, coagulation - 57 heme keyword mentions vs 8 chem-path mentions) - title is a misnomer, category label is correct, kept as Hematopathology"
"ea4dfce6-0253-4be2-bb68-bfbf99a8782c","ADRENAL NEOPLASMS — Adenoma vs Carcinoma","Year 3: Endocrine and Metabolic Pathology","","Year 3: General & Systemic Pathology","Endocrine and Metabolic Pathology","","high","Clean label match: raw suffix ""Endocrine and Metabolic Pathology"" maps directly to taxonomy"
"2c87572c-cac8-45f5-830e-71d080e5a623","Mycoses: Superficial, Cutaneous & Systemic Fungal Infections","Year 3: Medical Mycology","","Year 3: Medical Microbiology and Parasitology","Medical Mycology","","high","Clean label match: raw suffix ""Medical Mycology"" maps directly to taxonomy"
"74c5dab9-c70c-49b5-bccc-0df5eb13cd33","Medical Bacteriology MCQs: ETEC, Pseudomonas, Salmonella & More","Year 3: Bacteriology","","Year 3: Medical Microbiology and Parasitology","Bacteriology","","high","Clean label match: raw suffix ""Bacteriology"" maps directly to taxonomy"
"6df8a0a0-b0c6-4bf6-a9b6-14f0787cb40f","Mycotoxins & Aflatoxins: Health Risks, Diagnosis & Management","Year 3: Medical Mycology","","Year 3: Medical Microbiology and Parasitology","Medical Mycology","","high","Clean label match: raw suffix ""Medical Mycology"" maps directly to taxonomy"
"64c21cd3-4e90-4dec-b687-233bd73480c9","Cardiovascular Pathology MCQs: Rheumatic Fever, AAA, HTN, HFpEF","Year 3: Cardiovascular System Pathology","","Year 3: General & Systemic Pathology","Cardiovascular System Pathology","","high","Clean label match: raw suffix ""Cardiovascular System Pathology"" maps directly to taxonomy"
"25b2c9d9-fc25-48e3-bdb3-cb4add5af3b9","Fungal Genetics, HIV & Mycoses Epidemiology in Kenya","Year 3: Medical Mycology","","Year 3: Medical Microbiology and Parasitology","Medical Mycology","","high","Clean label match: raw suffix ""Medical Mycology"" maps directly to taxonomy"
"095a3290-926f-4693-ac8e-0f27cce893b5","Skin & Breast Pathology CAT: MKU Year 3 Medicine Exam","Year 3: Breast Pathology","","Year 3: General & Systemic Pathology","Breast Pathology","","low","Multi-topic, near-even split: genuine joint ""MBPA 3536B Skin and Breast Pathology"" CAT exam. Breast-related keyword mentions (38) slightly outnumber skin-related mentions (34) - picked Breast Pathology by slight margin; could equally be filed as Dermatopathology, needs manual review."
"3cb38170-ccfc-4058-a170-4dd9d857b469","Glomerular Diseases: Classification, Histology & Pathology","Year 3: Male Reproductive and Urinary System Pathology","","Year 3: General & Systemic Pathology","Male Reproductive and Urinary System Pathology","","high","Clean label match: raw suffix ""Male Reproductive and Urinary System Pathology"" maps directly to taxonomy"
"076c3be4-52e9-4c52-ba8c-cfe55d9d4491","Non-Hodgkin Lymphoma: Classification, Symptoms, Diagnosis, and Treatment","Year 3: Hematopathology","","Year 3: Hematology and Blood Transfusion","Hematopathology","","high","Clean label match: raw suffix ""Hematopathology"" maps directly to taxonomy"
"c9c32832-ac7d-410d-86a2-d8a577f1b637","Genetics & Disease: Muscular Dystrophy, CF, Marfan, Diabetes, Cancer","Year 3: Genetic Disorders","","Year 3: General & Systemic Pathology","Genetic Disorders","","high","Clean label match: raw suffix ""Genetic Disorders"" maps directly to taxonomy"
"63fa1a73-2106-4b1c-ac30-d02e1379103c","general Pathology Q&amp;A","Year 3: General Pathology","","Year 3: General & Systemic Pathology","General Pathology","","high","Clean label match: raw suffix ""General Pathology"" maps directly to taxonomy"
"c69f0853-3226-4387-b3c7-9ec617327671","Cytopathology vs Histopathology CAT: Definitions & Lab Basics","Year 3: Histopathology & Cytopathology:","","Year 3: General & Systemic Pathology","Histopathology & Cytopathology","","high","Clean label match: raw suffix ""Histopathology & Cytopathology:"" maps directly to taxonomy"
"74d6acd4-c449-40af-83c4-25bae2ae556b","Endocrine LAqs and SAqs","Year 3: Basic Pharmacology III","","Year 3: General & Systemic Pathology","Endocrine and Metabolic Pathology","","medium","Category is ""Basic Pharmacology III"" but content is ""Biochemical Endocrinology"" past-paper notes (endocrine disruptors, hormone therapy) with no pharmacology drug-mechanism focus - reclassified to Endocrine and Metabolic Pathology as closest topical fit"
"b4d538f1-3017-4c63-97d9-d288e9f133dd","GASTROINTESTINAL PATHOLOGY (Part 3)","Year 3: General Pathology","","Year 3: General & Systemic Pathology","Gastrointestinal Pathology","","high","Category is ""General Pathology"" but title/content (""GASTROINTESTINAL PATHOLOGY Part 3"") is GI Pathology - reclassified"
"3f48f7eb-e5db-4d23-bc47-8abfd70c9e28","Respiratory Pathology 1b","Year 3: General Pathology","","Year 3: General & Systemic Pathology","Respiratory System Pathology","","high","Category is ""General Pathology"" but title (""Respiratory Pathology 1b"") is Respiratory System Pathology - reclassified"
"2ca687e8-eabe-4091-9462-0f92765f8ae2","End Sem Cat: Respiratory Pathology: Emphysema, ARDS, Pneumoconiosis","Year 3: Respiratory System Pathology","","Year 3: General & Systemic Pathology","Respiratory System Pathology","","high","Clean label match: raw suffix ""Respiratory System Pathology"" maps directly to taxonomy"
"5647759d-d436-479e-9ae4-7e8bedcfab30","Types of Mutations in ARBHN (Amino Acid Replacement Based on Hemoglobin to Product Form)","Year 3: Hematopathology","","Year 3: General & Systemic Pathology","Genetic Disorders","","high","Category is ""Hematopathology"" but content is entirely mutation types/DNA repair/transcription/gene-transfer molecular genetics (sickle cell/thalassemia used only as illustrative examples) - Genetic Disorders, reclassified"
"86d65f5d-3d3a-43dc-8f33-ff834798534f","Heart Disease: Must Knows","Year 3: General Pathology","","Year 3: General & Systemic Pathology","Cardiovascular System Pathology","","high","Category is ""General Pathology"" but title (""Heart Disease: Must Knows"") is Cardiovascular System Pathology - reclassified"
"b3dd28be-c71f-4074-b27a-ca5ba9ba123b","Liver Histology, Physiology and Pathology","Year 3: Hematopathology","","Year 3: General & Systemic Pathology","Gastrointestinal Pathology","","high","Category is ""Hematopathology"" but content (""Liver Histology, Physiology and Pathology"") is GI/hepatobiliary - reclassified (see also Hematopathology contamination notes)"
"7e0f34a5-52ad-4002-b2ed-86ea0491a371","Genetic Disorders CAT: Key Terms & Inheritance Patterns Explained","Year 3: Genetic Disorders","","Year 3: General & Systemic Pathology","Genetic Disorders","","high","Clean label match: raw suffix ""Genetic Disorders"" maps directly to taxonomy"
"f3469fff-058a-4f2e-81ca-514c7f56c0a1","Breast Cancer Guide: Epidemiology, Risk Factors & Classification","Year 3: Breast Pathology","","Year 3: General & Systemic Pathology","Breast Pathology","","high","Clean label match: raw suffix ""Breast Pathology"" maps directly to taxonomy"
"187bf467-6ef7-471f-8149-7b6382947e24","Penile & Testicular Pathologies: Hypospadias, Tumors, Torsion – Male Reproductiv","Year 3: Male Reproductive and Urinary System Pathology","","Year 3: General & Systemic Pathology","Male Reproductive and Urinary System Pathology","","high","Clean label match: raw suffix ""Male Reproductive and Urinary System Pathology"" maps directly to taxonomy"
"d333712a-dc6c-4e69-a939-8e404cb506a2","MDS, Myelofibrosis & HLH: Key Blood Disorders Explained","Year 3: Blood Transfusion","","Year 3: Hematology and Blood Transfusion","Hematopathology","","high","Category is ""Blood Transfusion"" but content (""MDS, Myelofibrosis & HLH"") is Hematopathology (myeloid neoplasms), not transfusion practice - reclassified"
"d170f990-cb11-424f-accf-9023014f1ace","Medical Biochemistry II (MBMB 2200) -2","Year 3: Basic Pharmacology III","","Year 3: Chemical Pathology","Chemical Pathology","","low","Category is ""Basic Pharmacology III"" but content is a ""Medical Biochemistry II (MBMB 2200)"" exam paper on integrated metabolism - not pharmacology at all and no clean taxonomy fit. Filed under Chemical Pathology (biochemistry-adjacent) as closest analog; recommend review, may be a Year 2 Biochemistry course mislabeled as Year 3."
"14775036-cb2c-4e84-bdb7-b6a520583f11","Medical Pathology Final Revision: Chemical, Hema, Systemic","Year 3: PATHOLOGY FINAL","","Year 3: General & Systemic Pathology","General Pathology","","low","Extremely multi-topic: full-course final-revision compilation spanning Chemical Pathology (1.7k), Haematology & Blood Transfusion (1.4k), Systemic Pathology Paper1/2 (3.6k+6.0k = largest single course share), Immunopathology (1.3k), Practical Exam/Clinical Techniques (1.6k+0.2k), Basic Pharmacology (1.9k). Picked GSP/General Pathology as largest course-unit share (~54%) but genuinely needs manual splitting into ~6-8 separate notes by site owner."
"33fb0af9-68e8-46d8-a2bf-14a6d661d667","Oncology Intro: Cancer Biology, Genetics & Immuno-Oncology","Year 3: Basic Pharmacology II","","Year 3: Basic Pharmacology","Basic Pharmacology","","high","Clean label match: raw suffix ""Basic Pharmacology II"" maps directly to taxonomy"
"31d07a12-1d26-49e0-8804-3474f6aed1e0","Introduction to Oncology: History, Genetics & Immuno-oncology","Year 3: Basic Pharmacology II","","Year 3: Basic Pharmacology","Basic Pharmacology","","high","Clean label match: raw suffix ""Basic Pharmacology II"" maps directly to taxonomy"
"7366b6a5-d0a0-4f6a-89e7-69b5dcdcc15f","SummaryThis document provides a comprehensive overview of male reproductive system pathologies, covering congenital malformations, inflammatory conditions, and neoplasms of the penis, testis, epididymis, and prostate. It details conditions such as hypospadias, squamous cell carcinoma of the penis, cryptorchidism, testicular torsion, germ cell tumors, prostatitis, benign prostatic hyperplasia (BPH), and prostate carcinoma. Key risk factors, pathogenesis, clinical features, and management strategies are discussed for each pathology.","Year 3: Male Reproductive and Urinary System Pathology","","Year 3: General & Systemic Pathology","Male Reproductive and Urinary System Pathology","","high","Clean label match: raw suffix ""Male Reproductive and Urinary System Pathology"" maps directly to taxonomy"
"bd31016e-acfc-4759-bc4a-fc6d1e928eda","Chemotherapy Drugs: Cell Cycle Phase & Mechanism Explained","Year 3: Basic Pharmacology III","","Year 3: Basic Pharmacology","Basic Pharmacology","","high","Clean label match: raw suffix ""Basic Pharmacology III"" maps directly to taxonomy"
"e2eaaf23-35c7-41fe-b8a1-6d9d2e8c8d40","Renal, Liver, Cardiac & Adrenal Function Tests for Year 3","Year 3: Sunday","","Year 3: Hematology and Blood Transfusion","Hematopathology","","low","Multi-topic: ""MONDAY FULL REVISION PACK"" = Chemical Pathology/Clinical Chemistry (renal/liver/cardiac/adrenal/thyroid/DM/acid-base/lipid function tests, ~12.1k chars, 44%) + Haematology & Blood Transfusion (~15.2k chars, 56%, itself split: anaemia/WBC/platelet/coag/hematopathology-flavored ~8.8k vs blood-products/transfusion-reactions ~5.7k). Picked Hematopathology by volume but title (""Renal, Liver, Cardiac & Adrenal Function Tests"") suggests Chemical Pathology/Clinical Chemistry is the intended framing - conflicting signals, needs manual review/split."
"1ce71419-51e8-4bd9-8079-9923c892a19c","ADRENAL NEOPLASMS — Adenoma vs Carcinoma","Year 3: Endocrine and Metabolic Pathology","","Year 3: General & Systemic Pathology","Endocrine and Metabolic Pathology","","high","Clean label match: raw suffix ""Endocrine and Metabolic Pathology"" maps directly to taxonomy"
"d1c0a31b-6348-4db1-a22e-3a5f329f8a96","Human Pathology","Year 3: General Pathology","","Year 3: General & Systemic Pathology","General Pathology","","high","Clean label match: raw suffix ""General Pathology"" maps directly to taxonomy"
"550e3408-a708-4f85-9f3e-4d765f5ff070","Medical Mycology Fundamentals: Fungi, Antifungal Drugs & More","Year 3: Must Know Virology","","Year 3: Medical Microbiology and Parasitology","Medical Mycology","","high","Category says ""Must Know Virology"" but content is 100% Mycology (0 viral mentions, 61 fungal mentions) - reclassified"
"c44bf6c3-130e-4f6c-9126-84513ba24eb4","ADRENAL NEOPLASMS — Adenoma vs Carcinoma","Year 3: Endocrine and Metabolic Pathology","","Year 3: General & Systemic Pathology","Endocrine and Metabolic Pathology","","high","Clean label match: raw suffix ""Endocrine and Metabolic Pathology"" maps directly to taxonomy"
"f92ded78-f5b7-4ec7-ab7d-69a9590611ef","Tuesday","Year 3: Tuesday","","Year 3: General & Systemic Pathology","General Pathology","","medium","Multi-topic, picked dominant: General Pathology. Doc = ""TUESDAY PART 1: GENERAL PATHOLOGY"" (cell injury/inflammation/wound healing/neoplasia/amyloidosis/forensic/histo-cytology technique, ~15.4k chars) + ""PART 2: FEMALE GENITAL SYSTEM PATHOLOGY"" (cervical Ca/genital ulcers/endometriosis/fibroids/ovarian neoplasms/vulval path, ~7.9k chars). General Pathology section is ~2x larger by volume."
"b6c8555f-e9db-4f71-8814-cd6f555a8513","Cellular Injury and Adaptation MCQs","Year 3: General Pathology","","Year 3: General & Systemic Pathology","General Pathology","","high","Clean label match: raw suffix ""General Pathology"" maps directly to taxonomy"
"028b0cbc-30f6-42f0-9076-5d31f7738227","MBCHB Virology & Mycology: Interferons, Vaccines, Fungi, Mycetoma","Year 3: Must Know Virology","","Year 3: Medical Microbiology and Parasitology","Medical Mycology","","medium","Multi-topic: mixed viral (interferons/vaccines/influenza/rabies/HIV, ~5.1k chars) and fungal (true-vs-opportunistic/mycetoma/dermatophytosis/lab diagnosis/tinea/antifungals, ~7.9k chars) content, plus one general/onco topic (normal vs tumor cell, ~1.2k). Fungal content dominant by volume."
"594d8cce-de88-4f98-be4f-d163232cc369","Cytomegalovirus (CMV) Guide: Pathogenesis, Dx & Treatment","Year 3: Must Know Virology","","Year 3: Medical Microbiology and Parasitology","Medical Virology","","high","Content confirmed Medical Virology (Cytomegalovirus pathogenesis/diagnosis/treatment)"
"4a1d5d14-b428-4586-93c5-133a058c07ee","General Pathology I","Year 3: General Pathology","","Year 3: General & Systemic Pathology","General Pathology","","high","Clean label match: raw suffix ""General Pathology"" maps directly to taxonomy"
"698a6fca-b506-4ccb-b40d-cb209da7a376","Tuesday Part 2","Year 3: Tuesday","","Year 3: General & Systemic Pathology","Gastrointestinal Pathology","","medium","Multi-topic, picked dominant: GI Pathology. Doc = ""TUESDAY PART 3: CARDIOVASCULAR (4.0k) / RESPIRATORY (4.8k) / GI-HEPATOBILIARY (5.9k) PATHOLOGY"" - three roughly-equal thirds, GI/Hepatobiliary slightly largest by content volume."
"af99ae0f-c9c1-4123-8adc-7be733b13a52","Adenovirus & Parvovirus B19: Non-Enveloped DNA Virus Guide","Year 3: Medical Virology","","Year 3: Medical Microbiology and Parasitology","Medical Virology","","high","Clean label match: raw suffix ""Medical Virology"" maps directly to taxonomy"
"024030f6-f8fb-4529-ac28-0a4e59ae6b01","Life Cycles of Medically Important Trematodes (Flukes)","Year 3: General Pathology","","Year 3: Medical Microbiology and Parasitology","Parasitology","","high","Category is ""General Pathology"" but title/content (""Life Cycles of Medically Important Trematodes (Flukes)"") is Parasitology - reclassified"
"958891be-f438-4ac7-91d4-6bdde759a53f","Oncopathology & Histopathology Answers","Year 3: General Pathology","","Year 3: General & Systemic Pathology","Histopathology & Cytopathology","","medium","Multi-topic: Q1-9 Oncopathology (benign/malignant tumours, hallmarks, oncoviruses, tumour markers, ~1.9k chars) + Q10-31 Histopathology & Cytopathology (cytology, histopath, tissue fixation, FNA, decalcification, tissue processing, ~7.7k chars). Histopathology & Cytopathology dominant by volume (~80%)."
"72b76c33-b5f6-4437-a582-54fe706c772d","Clinical Endocrinology Cases: Pituitary Tumour, PCOS, Type 1 Diabetes, and HHS","Year 3: Endocrine and Metabolic Pathology","","Year 3: General & Systemic Pathology","Endocrine and Metabolic Pathology","","high","Content confirmed: Pituitary Tumour, PCOS, Type 1 Diabetes, HHS clinical cases - matches Endocrine and Metabolic Pathology"
"aca1d504-5556-4456-949f-0e1de4785028","Chemical Pathology MCQs: Diabetes, Renal & Liver Disease","Year 3: Chemical Pathology","","Year 3: Chemical Pathology","Chemical Pathology","","high","Clean label match: raw suffix ""Chemical Pathology"" maps directly to taxonomy"
"63983f31-3cd1-44cc-a518-643d9dfb8d6b","Acne Vulgaris & Rosacea: Pathology, Symptoms, & Treatment","Year 3: Breast Pathology","","Year 3: General & Systemic Pathology","Dermatopathology","","high","Override #2: content is Acne Vulgaris & Rosacea (disorders of epidermal appendages) - pure skin pathology mislabeled as Breast Pathology"
"c3585606-cb89-4afc-8447-fbc836ec0829","Quality Control in Clinical Chemistry","Year 3: Chemical Pathology","","Year 3: Chemical Pathology","Chemical Pathology","","high","Clean label match: raw suffix ""Chemical Pathology"" maps directly to taxonomy"
"5e57bab6-11dc-4a14-8355-f748d8bd16ed","CNS Trauma Neuropathology: Fractures, Concussion & CTE","Year 3: Bone and Soft Tissue Pathology","","Year 3: General & Systemic Pathology","Neuropathology","","high","Category is ""Bone and Soft Tissue Pathology"" but title/content (""CNS Trauma Neuropathology: Fractures, Concussion & CTE"") is clearly CNS/Neuropathology - reclassified (systemic mislabeling found across this category)"
"8d6d0fd0-fd97-4e51-a3af-d9b7d3df6788","CNS Malformations: NTDs, Spina Bifida & Anencephaly Guide","Year 3: Bone and Soft Tissue Pathology","","Year 3: General & Systemic Pathology","Neuropathology","","high","Category is ""Bone and Soft Tissue Pathology"" but title/content (""CNS Malformations: NTDs, Spina Bifida & Anencephaly Guide"") is clearly CNS/Neuropathology - reclassified (systemic mislabeling found across this category)"
"847aa557-0b8b-4082-a06a-c934b5331f42","Clinical Enzymes: Functions and Applications","Year 3: General Pathology","","Year 3: Chemical Pathology","Clinical Chemistry","","high","Category is ""General Pathology"" but title (""Clinical Enzymes: Functions and Applications"") is Clinical Chemistry - reclassified"
"15738b26-7ee3-418f-8f67-200ea52cb681","Neurodegenerative Prion Diseases: CJD, Pathology & Rapid Dementia","Year 3: Bone and Soft Tissue Pathology","","Year 3: General & Systemic Pathology","Neuropathology","","high","Category is ""Bone and Soft Tissue Pathology"" but title/content (""Neurodegenerative Prion Diseases: CJD, Pathology & Rapid Dementia"") is clearly CNS/Neuropathology - reclassified (systemic mislabeling found across this category)"
"1221cab3-aed5-4e10-b285-be7681d9596f","Haematology MCQs END YEAR 2025: Medical Student Exam Prep & Answers","Year 3: Exam Hematology","Exam Hematology","Year 3: Hematology and Blood Transfusion","Hematopathology","","high","Content confirmed: Haematology MCQs (general anaemia/exam content)"
"2b0ef5f6-f740-4e40-947a-7e37d575945d","Endocrine Choice of Diagrams","Year 3: Endocrine and Metabolic Pathology","","Year 3: General & Systemic Pathology","Endocrine and Metabolic Pathology","","low","Note has essentially no real teaching content - just meta-instructions about diagrams to draw for Biochemical Endocrinology exam prep, actual diagrams not included. Borderline placeholder; kept under Endocrine and Metabolic Pathology since on-topic, but content is very thin."
"3959b2df-052f-48d6-a788-28971fbdd2f8","Cerebral Edema, Hydrocephalus, Raised ICP & Brain Herniation Pathology","Year 3: Bone and Soft Tissue Pathology","","Year 3: General & Systemic Pathology","Neuropathology","","high","Category is ""Bone and Soft Tissue Pathology"" but title/content (""Cerebral Edema, Hydrocephalus, Raised ICP & Brain Herniation Pathology"") is clearly CNS/Neuropathology - reclassified (systemic mislabeling found across this category)"
"65e06c63-1c47-4dc8-8a5f-0faf30b2e8e6","General & Systemic Pathology Exam: MBChB Year 3 Questions","Year 3: EXAM: General & Systemic Pathology","EXAM: General & Systemic Pathology","Year 3: Hematology and Blood Transfusion","Hematopathology","","low","Multi-topic: two full exam papers concatenated - ""General & Systemic Pathology Exam"" (broad multi-system SAQ/essay paper: cervical Ca/ovarian/diabetes/oedema/glomerular/atherosclerosis/cirrhosis/carcinogens/genetics/fracture-healing/diarrhoea/RHD/vasculitis/pre-eclampsia, ~3.2k chars, no single dominant subunit) + ""Haematology Exam"" (leukemia/anaemia/myeloma/CML/blood-products, ~4.5k chars, Hematopathology-flavored). Haematology section is larger by volume; picked Hematopathology but title says ""General & Systemic Pathology Exam"" - conflicting signals, needs manual split."
"b3645b00-b674-4194-9a4b-e2e4303354d5","Lymphoma Overview and Classification","Year 3: Hematopathology","","Year 3: Hematology and Blood Transfusion","Hematopathology","","high","Clean label match: raw suffix ""Hematopathology"" maps directly to taxonomy"
"4f635594-1cbc-4007-a416-03df0f04708e","Bone & Cartilage Tumors: Osteoma to Osteosarcoma Pathology","Year 3: Bone and Soft Tissue Pathology","","Year 3: General & Systemic Pathology","Bone and Soft Tissue Pathology","","high","Clean label match: raw suffix ""Bone and Soft Tissue Pathology"" maps directly to taxonomy"
"64058384-a7f1-412a-b6f7-64dbbb8be870","Cerebrovascular Disease: Stroke, Ischemia & Hemorrhage Explained","Year 3: Bone and Soft Tissue Pathology","","Year 3: General & Systemic Pathology","Neuropathology","","high","Category is ""Bone and Soft Tissue Pathology"" but title/content (""Cerebrovascular Disease: Stroke, Ischemia & Hemorrhage Explained"") is clearly CNS/Neuropathology - reclassified (systemic mislabeling found across this category)"
"8758aae2-1de4-4fee-bd39-7e154705a14f","Cardiovascular & Respiratory Pathology: Atherosclerosis, RHD & MI Review","Year 3: Resp & Cardio Revision","Resp & Cardio Revision","Year 3: General & Systemic Pathology","Cardiovascular System Pathology","","medium","Multi-topic, near-even split: Cardiovascular Pathology (~4.1k chars) vs Respiratory Pathology (~4.0k chars). Cardiovascular slightly larger and leads the title."
"04e04ba7-73cc-46dc-93f0-96f0b98d7ac7","Quick Guide: Male Reproductive System Pathology, Testis, Penis","Year 3: Male Reproductive and Urinary System Pathology","","Year 3: General & Systemic Pathology","Male Reproductive and Urinary System Pathology","","high","Clean label match: raw suffix ""Male Reproductive and Urinary System Pathology"" maps directly to taxonomy"
"422c5f2b-75dd-4369-8968-8fe4794b20d6","FSGS & HIV Nephropathy: Causes, Symptoms, Diagnosis & Prognosis","Year 3: Male Reproductive and Urinary System Pathology","","Year 3: General & Systemic Pathology","Male Reproductive and Urinary System Pathology","","high","Clean label match: raw suffix ""Male Reproductive and Urinary System Pathology"" maps directly to taxonomy"
"324543fa-1375-425f-9a6d-9b55f0cf6a2b","Endocrine & Renal Pathology","Year 3: Endocrine and Metabolic Pathology","","Year 3: General & Systemic Pathology","Endocrine and Metabolic Pathology","","medium","Multi-topic: covers Adrenal/Cushing/Conn/Phaeo/Diabetes/Parathyroid/Porphyrias (Endocrine, ~14.9k chars, dominant), Renal function/AKI/CKD/Calculi (~4.6k), and Lung Tumours/Transplant (~3.3k). Endocrine dominant by volume."
"54d3293c-53b6-402f-9f93-506be2299bfb","Looking back at the document, I need to check if I've covered all questions. Let me verify:","Year 3: General Pathology","","","","junk","high","Broken/placeholder note: title is a leftover AI meta-comment (""Looking back at the document, I need to check if I've covered all questions..."") and content is only 89 characters of AI self-talk with no real teaching content whatsoever"
"c8e226cc-5193-4730-b7f2-70c962bd771e","Master Bone & Soft Tissue Pathology: CAT 2 MCQs & Answers","Year 3: Bone and Soft Tissue Pathology","Bone and Soft Tissue Pathology","Year 3: General & Systemic Pathology","Bone and Soft Tissue Pathology","","high","Clean label match: raw suffix ""Bone and Soft Tissue Pathology"" maps directly to taxonomy"
"ea588569-cc68-464d-affd-73ab3a131161","Female Reproductive Pathology: HPV, Cancer, PCOS & Pregnancy","Year 3: General Pathology","","Year 3: General & Systemic Pathology","Female Reproductive System Pathology","","high","Category is ""General Pathology"" but title (""Female Reproductive Pathology: HPV, Cancer, PCOS & Pregnancy"") is Female Reproductive System Pathology - reclassified"
"12d71bf7-98e0-40ba-9a80-92519ec7512f","Endocrine and Metabolic Pathology Course Outline and References","Year 3: Endocrine and Metabolic Pathology","","Year 3: General & Systemic Pathology","Endocrine and Metabolic Pathology","","low","Note is essentially just a references/bibliography list (recommended textbooks) with no actual teaching content - very thin, kept under Endocrine and Metabolic Pathology as on-topic course material."
"779250a3-b0a5-4004-95b2-9172cc013f2f","Blood Grouping and Blood Typing","Year 3: Blood Transfusion","","Year 3: Hematology and Blood Transfusion","Blood Transfusion","","high","Clean label match: raw suffix ""Blood Transfusion"" maps directly to taxonomy"
"e6c5eaa9-acdc-4047-9e77-cbc586ef08b9","LECTURE 4: Thyroid Hormones","Year 3: Endocrine and Metabolic Pathology","","Year 3: General & Systemic Pathology","Endocrine and Metabolic Pathology","","high","Clean label match: raw suffix ""Endocrine and Metabolic Pathology"" maps directly to taxonomy"
"92f2b0f9-99a7-4349-8663-f04bc4951229","Bone & Soft Tissue Tumour Pathology: Must-Know Diagnoses","Year 3: Bone and Soft Tissue Pathology","Bone and Soft Tissue Pathology","Year 3: General & Systemic Pathology","Bone and Soft Tissue Pathology","","high","Clean label match: raw suffix ""Bone and Soft Tissue Pathology"" maps directly to taxonomy"
"f3438bd8-43df-452e-9109-36223fa1f2f2","Respiratory System Pathology 1A","Year 3: Respiratory System Pathology","","Year 3: General & Systemic Pathology","Respiratory System Pathology","","high","Clean label match: raw suffix ""Respiratory System Pathology"" maps directly to taxonomy"
"a95a31da-273f-4718-a9c3-3ebc7d8ac64d","Lung Pathology — Must-Know","Year 3: General Pathology","","Year 3: General & Systemic Pathology","Respiratory System Pathology","","high","Category is ""General Pathology"" but title (""Lung Pathology — Must-Know"") is Respiratory System Pathology - reclassified"
"58ec9e18-54ef-42e3-a0da-500fa9bc95d9","Essential Cardiovascular Pathology: Atherosclerosis to Endoc","Year 3: EXAM: General & Systemic Pathology","EXAM: General & Systemic Pathology","Year 3: General & Systemic Pathology","Respiratory System Pathology","","medium","Multi-topic, near-even 3-way split: Cardiovascular Pathology (~4.4k chars), Respiratory Pathology (~5.2k, largest), GI/Hepatobiliary Pathology (~4.9k). Respiratory slightly dominant by volume though title leads with ""Cardiovascular""."
"2e0c9564-762b-4369-a0fe-3139660d9c83","Endocrine & Renal Pathology — Must Know Notes","Year 3: Endocrine and Metabolic Pathology","","Year 3: General & Systemic Pathology","Endocrine and Metabolic Pathology","","medium","Multi-topic (same structure as ""Endocrine & Renal Pathology""): Adrenal/Cushing/Conn/Phaeo/Diabetes/Parathyroid/Porphyrias (Endocrine, ~10.4k chars, dominant) + Renal (~5.4k) + Lung Tumours/Transplant (~3.7k). Endocrine dominant by volume."
"630499ad-3a4c-4052-a6a6-2cf936b454c0","Pathology by Dr. Irungu","Year 3: Dr. Irungu 2026","Dr. Irungu 2026","Year 3: General & Systemic Pathology","Oncopathology","","high","Override #1: title is lecturer name only (""Pathology by Dr. Irungu"") -> Oncopathology per site owner confirmation"
"e9981bb9-6fe6-492d-b5f1-dd73553fac9a","Department Of Pathology","Year 3: General Pathology","","","","reference","medium","Pure administrative/course-outline document (Department vision/mission, course purpose, quality objectives for the Chemical Pathology course unit MBPA 3600) - no actual teaching content. Not a real course-content article; bucketed as reference alongside Exam Timetable documents."
"13eb910f-247b-422f-810a-8dc6b04333c8","White Cell Disorders — Must-Know Notes","Year 3: Hematopathology","","Year 3: Hematology and Blood Transfusion","Hematopathology","","high","Clean label match: raw suffix ""Hematopathology"" maps directly to taxonomy"
"43093875-63a2-4e93-9217-af5d525d29f3","Hematologic Malignancies and Bleeding Disorders","Year 3: Hematopathology","","Year 3: Hematology and Blood Transfusion","Hematopathology","","high","Clean label match: raw suffix ""Hematopathology"" maps directly to taxonomy"
"d6381565-892e-40c3-8cde-093f6542df0d","Blood Transfusion Medicine: An Exam-Focused Review","Year 3: Blood Transfusion","","Year 3: Hematology and Blood Transfusion","Blood Transfusion","","high","Clean label match: raw suffix ""Blood Transfusion"" maps directly to taxonomy"
"cde01fca-fec6-49de-9b4e-7726a4d38e7b","MALE REPRODUCTIVE SYSTEM PATHOLOGY","Year 3: Male Reproductive and Urinary System Pathology","","Year 3: General & Systemic Pathology","Male Reproductive and Urinary System Pathology","","high","Clean label match: raw suffix ""Male Reproductive and Urinary System Pathology"" maps directly to taxonomy"
"bf553699-2614-44ec-a209-80dbfdedcd13","VASCULAR PATHOLOGY — Must-Know Comprehensive Notes","Year 3: General Pathology","","Year 3: General & Systemic Pathology","Cardiovascular System Pathology","","high","Category is ""General Pathology"" but title (""VASCULAR PATHOLOGY — Must-Know Comprehensive Notes"") is Cardiovascular System Pathology - reclassified"
"27f16853-5416-4b75-aca1-ba875ef90076","Liver Tumors: Benign, Primary, and Secondary Malignancies Summary","Year 3: Bone and Soft Tissue Pathology","","Year 3: General & Systemic Pathology","Gastrointestinal Pathology","","high","Category is ""Bone and Soft Tissue Pathology"" but title/content (""Liver Tumors: Benign, Primary, and Secondary Malignancies Summary"") is clearly GI/hepatobiliary - reclassified (systemic mislabeling found across this category)"
"6928f654-7580-444e-8aa6-ce5c383b45cc","GASTROINTESTINAL PATHOLOGY (Part 2)","Year 3: Bone and Soft Tissue Pathology","","Year 3: General & Systemic Pathology","Gastrointestinal Pathology","","high","Category is ""Bone and Soft Tissue Pathology"" but title/content (""GASTROINTESTINAL PATHOLOGY (Part 2)"") is clearly GI/hepatobiliary - reclassified (systemic mislabeling found across this category)"
"d53fea41-7313-464b-b63b-e2393f3f585e","Dr. Irungu Notes","Year 3: Dr. Irungu 2026","Dr. Irungu 2026","Year 3: General & Systemic Pathology","Oncopathology","","high","Override #1: title is lecturer name only (""Dr. Irungu Notes"") -> Oncopathology per site owner confirmation"
"e5fddead-3212-46e0-8726-8cf3344641de","Gastrointestinal Neoplasms: High-Yield Exam Review","Year 3: Bone and Soft Tissue Pathology","","Year 3: General & Systemic Pathology","Gastrointestinal Pathology","","high","Category is ""Bone and Soft Tissue Pathology"" but title/content (""Gastrointestinal Neoplasms: High-Yield Exam Review"") is clearly GI/hepatobiliary - reclassified (systemic mislabeling found across this category)"
"953933e9-3757-4d65-bc83-b898d01ba82c","Gastropathology Pathology","Year 3: Bone and Soft Tissue Pathology","","Year 3: General & Systemic Pathology","Gastrointestinal Pathology","","high","Category is ""Bone and Soft Tissue Pathology"" but title/content (""Gastropathology Pathology"") is clearly GI/hepatobiliary - reclassified (systemic mislabeling found across this category)"
"1bb6bd21-a4e2-4115-9962-92dc457b7cac","Tumours of the Gastrointestinal Tract","Year 3: Bone and Soft Tissue Pathology","","Year 3: General & Systemic Pathology","Gastrointestinal Pathology","","high","Category is ""Bone and Soft Tissue Pathology"" but title/content (""Tumours of the Gastrointestinal Tract"") is clearly GI/hepatobiliary - reclassified (systemic mislabeling found across this category)"
"39b39d64-52b2-40c9-8bf2-d02ef1ba7b5d","Female & Male Genital Pathology: Ulcers, HPV, Endometriosis, Pre-eclampsia","Year 3: Female & Male Patho Essays","Female & Male Patho Essays","Year 3: General & Systemic Pathology","Female Reproductive System Pathology","","medium","Multi-topic: Female Genital System essays (~11k chars incl. repeated cervical Ca essay, ~55%) + Male Reproductive/testicular/prostate essays (~6.5k, ~32%) + Breast Carcinoma essay (~1.5k, ~8%). Female Reproductive dominant by volume."
"66ca2809-8db2-484f-a77a-8865020d5a36","Liver Tumors: Benign and Malignant Overview","Year 3: Bone and Soft Tissue Pathology","","Year 3: General & Systemic Pathology","Gastrointestinal Pathology","","high","Category is ""Bone and Soft Tissue Pathology"" but title/content (""Liver Tumors: Benign and Malignant Overview"") is clearly GI/hepatobiliary - reclassified (systemic mislabeling found across this category)"
"47daa53a-f9b3-4a73-a34d-186b4f8fcb1e","Chemical Path, Long Answer and Short Answer","Year 3: Chemical Pathology","","Year 3: Chemical Pathology","Chemical Pathology","","high","Clean label match: raw suffix ""Chemical Pathology"" maps directly to taxonomy"
"8f6e9f23-1e3c-4e2a-b49e-d4fb01bfa3a9","Chemical Pathology Sem 1","Year 3: Chemical Pathology","","Year 3: Chemical Pathology","Chemical Pathology","","high","Clean label match: raw suffix ""Chemical Pathology"" maps directly to taxonomy"
"c7befa18-3168-4fa5-b65f-b0739206e4de","Clinical Enzymology and Biomarkers","Year 3: Chemical Pathology","","Year 3: Chemical Pathology","Chemical Pathology","","high","Clean label match: raw suffix ""Chemical Pathology"" maps directly to taxonomy"
"41afcd44-2890-40ac-b716-56da501d2e81","Clinical Anatomy of the Cerebral Cortex","Year 3: Neuropathology","","Year 3: General & Systemic Pathology","Neuropathology","","high","Clean label match: raw suffix ""Neuropathology"" maps directly to taxonomy"
"63f95076-bb93-47b5-ae30-5492a1a59363","Congenital Hydrocephalus: Prenatal Diagnosis and Surgical Interventions","Year 3: Neuropathology","","Year 3: General & Systemic Pathology","Neuropathology","","high","Clean label match: raw suffix ""Neuropathology"" maps directly to taxonomy"
"f15a1c6c-6b26-41ef-baae-044b27623061","Prefrontal Association Areas","Year 3: Neuropathology","","Year 3: General & Systemic Pathology","Neuropathology","","high","Clean label match: raw suffix ""Neuropathology"" maps directly to taxonomy"
"6cd8fd6c-ddc3-4cba-a3cb-da6636b09c08","Ovarian & Colorectal Cancer: Risks, Pathogenesis, Staging","Year 3: List year 3 Rev","List year 3 Rev","Year 3: General & Systemic Pathology","Gastrointestinal Pathology","","low","Extremely multi-topic: 20 essay questions (Q37-Q56) spanning GI (Colorectal/PUD/Gastritis/Oesophageal-Gastric Ca/Gallstones, ~6.8k, largest), Female Reproductive/PCOS (~5.0k), Endocrine/Diabetes/Cushing (~4.5k), Respiratory/Lung Ca/TB/ARDS (~4.5k), Neuropathology/Stroke/Dementia (~3.2k), Renal/AKI-CKD (~3.2k), Hematopathology/Lymphoma-Leukemia (~3.1k). Picked GI as dominant by volume but this needs manual splitting into ~7 separate notes."
"ba67f4bc-480e-40d1-90dc-f91bc27d0cfb","Chest X-ray Interpretation Guide: ABCDE Approach for Medical Students","Year 3: Community Health","","Year 3: Clinical Techniques","Introduction to Clinical Techniques","","high","Category is ""Community Health"" but title (""Chest X-ray Interpretation Guide: ABCDE Approach for Medical Students"") is a clinical/radiology skill, not community health - reclassified"
"9a4e4df0-e574-4340-b0bd-1d6a06a6d16d","Heart Disease — Must Knows","Year 3: General Pathology","","Year 3: General & Systemic Pathology","Cardiovascular System Pathology","","high","Category is ""General Pathology"" but title (""Heart Disease — Must Knows"") is Cardiovascular System Pathology - reclassified (duplicate of 86d65f5d)"
"91cfce23-4b62-4897-8203-dc421ee21d3f","Molecular Basis of Cancer: Cell Cycle, Apoptosis & Angiogenesis","Year 3: Dr. Irungu SEM 1 CRASH COURSE","","Year 3: General & Systemic Pathology","Oncopathology","","high","Content is Molecular Basis of Cancer/Cell Cycle/Apoptosis/Angiogenesis - clear Oncopathology; title is not lecturer-name so override #1 does not strictly apply but content independently confirms Oncopathology"
"4f9386c9-9fe1-411b-8a70-f423ce1433fb","📚 MEDICAL VIROLOGY & MYCOLOGY — MCQ BANK","Year 3: Medical Virology","","Year 3: Medical Microbiology and Parasitology","Medical Mycology","","high","Title says ""Medical Virology & Mycology — MCQ Bank"" but content is 100% Mycology (0 viral keyword mentions, 150 fungal mentions; only ""SECTION 1: MYCOLOGY"" header present, no virology section) - reclassified"
"820d195d-b1ed-4003-8a2c-f74e55643dcc","Medical Vectors: Ticks, Trypanosomiasis, Leishmaniasis & More","Year 3: Parasitology","Parasitology","Year 3: Medical Microbiology and Parasitology","Parasitology","","high","Clean label match: raw suffix ""Parasitology"" maps directly to taxonomy"
"1bdcb672-529f-4edf-afef-f655e4c0ec70","Genetic Disorders Pathology Crash Course: Exam Revision Notes","Year 3: Dr. Irungu SEM 1 CRASH COURSE","","Year 3: General & Systemic Pathology","Genetic Disorders","","low","Multi-topic, picked dominant: Genetic Disorders. Doc covers Section One: Genetic Disorders (~10.8k chars) + Section Two: Neoplasia & Oncology (~5.5k) + Section Three: mixed genetics/cancer biology (~12.9k, roughly half each). Genetics slightly larger overall (~17.3k vs ~12k oncology) and title leads with ""Genetic Disorders"" - also covers substantial Oncopathology content, review for possible split"
"faf53085-1ae7-4526-9268-f43da86d418d","Cranial Nerves, Eye Exam & Vital Signs: MBChB Clinical Revision","Year 3: Introduction to Clinical Techniques","","Year 3: Clinical Techniques","Introduction to Clinical Techniques","","high","Clean label match: raw suffix ""Introduction to Clinical Techniques"" maps directly to taxonomy"
"dd5e2517-1aea-42a5-aeaa-a87fefd0abb5","Male Reproductive & Urinary Tract Pathology MCQs | MKU Year 3 Medicine","Year 3: Male Reproductive and Urinary System Pathology","","Year 3: General & Systemic Pathology","Male Reproductive and Urinary System Pathology","","high","Clean label match: raw suffix ""Male Reproductive and Urinary System Pathology"" maps directly to taxonomy"
"dd5ddfef-9f38-4cc4-a902-c0106e8eade9","Mycology Revision: Fungal Infections, Histoplasmosis & Cryptococcosis","Year 3: Medical Mycology","","Year 3: Medical Microbiology and Parasitology","Medical Mycology","","high","Clean label match: raw suffix ""Medical Mycology"" maps directly to taxonomy"
"b18ab108-fb14-4104-ae1a-1f4d43587b50","Cat. Pathology: Acute Inflammation, Mediators & Pulmonary Embolism","Year 3: Introduction to Pathology","","Year 3: General & Systemic Pathology","General Pathology","","high","Clean label match: raw suffix ""Introduction to Pathology"" maps directly to taxonomy"
"9788f43d-af8c-4129-9aa2-830d355700d9","Exam Prep: Skin Infections, Psoriasis & Pemphigus","Year 3: Dr. Irungu Sem 3 Rev.","","Year 3: General & Systemic Pathology","Dermatopathology","","high","Content is entirely skin pathology (infectious dermatoses, psoriasis, pemphigus) - clear Dermatopathology; title is not lecturer-name-only so override #1 does not apply, classified by content per override #3 methodology"
"008016d2-1005-4583-a061-a163f9833d4b","Streptococcus Classification, S. pyogenes, Rheumatic Fever, AGN","Year 3: Bacteriology Exam","Bacteriology Exam","Year 3: Medical Microbiology and Parasitology","Bacteriology","","high","Clean label match: raw suffix ""Bacteriology Exam"" maps directly to taxonomy"
"370992f8-1b16-402c-9049-2ae71ba57e1c","Chemical Pathology MCQs: Clinical Chemistry, Endocrine & Renal","Year 3: Chemical Pathology","","Year 3: Chemical Pathology","Chemical Pathology","","high","Clean label match: raw suffix ""Chemical Pathology"" maps directly to taxonomy"
"cbdf513e-1dd7-4e90-840e-2bc27aaee18f","Year 3: Haematology and Blood Transfusion Pathology","Year 3: Haematology and Blood Transfusion Pathology","","Year 3: Hematology and Blood Transfusion","Hematopathology","","high","Clean label match: raw suffix ""Haematology and Blood Transfusion Pathology"" maps directly to taxonomy"
"9233b281-513d-4f0e-994f-ee9c43aa6103","Medical Bacteriology MCQs: Review Strep, TB, Anthrax & More","Year 3: Bacteriology","Bacteriology","Year 3: Medical Microbiology and Parasitology","Bacteriology","","high","Clean label match: raw suffix ""Bacteriology"" maps directly to taxonomy"
"53e948b2-60ac-45fe-b1d3-573b242a19b0","Haematology Exam 2025: MCQs on Anaemia, Leukaemia & Clotting","Year 3 : Hematopathology","","Year 3: Hematology and Blood Transfusion","Hematopathology","","high","Clean label match: raw suffix ""Hematopathology"" maps directly to taxonomy"
"aea2eaae-da5e-4c96-9090-161aa98177c7","Medical Entomology & Parasitology Quiz Q&A","Year 3: Parasitology","Parasitology","Year 3: Medical Microbiology and Parasitology","Parasitology","","high","Clean label match: raw suffix ""Parasitology"" maps directly to taxonomy"
"cdb4d91d-c68d-4a3e-942d-dd7c944dc880","Hematology & Blood Transfusion Pathology: MDS, Stem Cell Transplant","Year 3: Haematology and Blood Transfusion Pathology","","Year 3: Hematology and Blood Transfusion","Hematopathology","","high","Clean label match: raw suffix ""Haematology and Blood Transfusion Pathology"" maps directly to taxonomy"
"706fa39f-ff3c-4c39-95fa-256c6c217451","Pathology Spot Exam Revision: Lymphoma, Adenoma, Appendicitis, FISH","Year 3: Spot/Practical Examination","","Year 3: Clinical Techniques","Spot/Practical Examination","","high","Clean label match: raw suffix ""Spot/Practical Examination"" maps directly to taxonomy"
"2eeef818-c0aa-45c1-a985-d8c3a1c3975a","Medical Virology Exam Notes: Pathogenesis, HSV, CMV, Hepatitis, Flu","Year 3: Must Know Virology","","Year 3: Medical Microbiology and Parasitology","Medical Virology","","high","Content confirmed Medical Virology (pathogenesis, HSV, CMV, Hepatitis, Flu)"
"00babf2a-e3cb-4dd5-a239-0bf710c6db0f","Bone & Joint Pathology: Basic Structure, Cells, and Fractures","Year 3: Bone and Soft Tissue Pathology","","Year 3: General & Systemic Pathology","Bone and Soft Tissue Pathology","","high","Clean label match: raw suffix ""Bone and Soft Tissue Pathology"" maps directly to taxonomy"
"554de000-23c7-42c3-a99e-b475cce2e505","EXAM NOTES: VIROLOGY YR3","Year 3: Medical Virology","","Year 3: Medical Microbiology and Parasitology","Medical Virology","","high","Clean label match: raw suffix ""Medical Virology"" maps directly to taxonomy"
"d208bf62-aa26-4668-bd60-384fd855c51e","EXAM: Influenza, Viral Receptors & Spikes, Interferons, and Viral Pathogenesis","Year 3: Medical Virology","","Year 3: Medical Microbiology and Parasitology","Medical Virology","","high","Clean label match: raw suffix ""Medical Virology"" maps directly to taxonomy"
"57cedf32-6e21-4df0-a6ae-2d3c81b6e0f0","EXAM: Basic Virology, Viral Replication, Prions & Slow Viruses, Poxviruses & VZV","Year 3: Medical Virology","","Year 3: Medical Microbiology and Parasitology","Medical Virology","","high","Clean label match: raw suffix ""Medical Virology"" maps directly to taxonomy"
"115ab96f-61ee-454c-8ea7-a2518f0578f6","EXAM: Spot/Practical Examination","Year 3: Spot/Practical Examination","","Year 3: Clinical Techniques","Spot/Practical Examination","","high","Clean label match: raw suffix ""Spot/Practical Examination"" maps directly to taxonomy"
"48c72126-7f3a-447e-9b9a-7631632d78c5","Haematology Revision: Haematopoiesis, Anaemia & IDA Guide","Year 3: Exam Hematology","","Year 3: Hematology and Blood Transfusion","Hematopathology","","high","Content confirmed: Haematopoiesis, Anaemia & IDA (Topics 1-5)"
"32d6141b-af76-42cf-b8bc-30e1f095ea36","","Year 3: General","","Year 3: Hematology and Blood Transfusion","Blood Transfusion","","high","Empty title field + leftover AI continuation preamble (""Got it. Continuing exactly from where I was cut off."") at start of content, but actual substance is high-quality, unambiguous, extensive Blood Transfusion Medicine content (ABO/Rh systems, compatibility testing, transfusion reactions) - ""HAEMATOLOGY AND BLOOD TRANSFUSION NOTE 2"". Kept as real content (not junk) despite missing title; recommend site owner add a title."
"7875deff-6c18-4eaf-b532-dac472317493","TAKE HOME CAT 1&amp;2.","Year 3: Basic Pharmacology II","","Year 3: Basic Pharmacology","Basic Pharmacology","","high","Clean label match: raw suffix ""Basic Pharmacology II"" maps directly to taxonomy"
"8e304d73-61e0-4016-a340-41bbcceb8b85","Essential Medical Virology: Structure, Classification & Replication","Year 3: Medical Virology","","Year 3: Medical Microbiology and Parasitology","Medical Virology","","high","Clean label match: raw suffix ""Medical Virology"" maps directly to taxonomy"
"ee837240-29c1-4326-bd96-9044973fd0d9","KIDNEY FUNCTION TESTS &amp; GASTRIC FUNCTION","Year 3: Endocrine and Metabolic Pathology","","Year 3: Chemical Pathology","Clinical Chemistry","","high","Category says Endocrine but real text content (after stripping ~1.07MB of embedded base64 image data) is ""Kidney Function Tests & Gastric Function"" - renal/glomerular/tubular function physiology and lab tests - clearly Clinical Chemistry, not endocrine gland disease. Reclassified."
"f39e50af-cef9-45fa-bc4a-3bc6f274b1b0","Neuropathology: CNS Neuronal & Astrocyte Injury Reactions","Year 3: Bone and Soft Tissue Pathology","","Year 3: General & Systemic Pathology","Neuropathology","","high","Category is ""Bone and Soft Tissue Pathology"" but title/content (""Neuropathology: CNS Neuronal & Astrocyte Injury Reactions"") is clearly CNS/Neuropathology - reclassified (systemic mislabeling found across this category)"
"2bf2b760-1f7b-4ceb-9706-2d48021afc61","Neuroanatomy and Brain Metabolism","Year 3: Endocrine and Metabolic Pathology","","Year 3: General & Systemic Pathology","Neuropathology","","medium","Category says Endocrine (likely due to ""Metabolism"" keyword) but content is Neuroanatomy (brain lobes, blood supply, brain glucose/ketone metabolism) - closest topical fit is Neuropathology, though this is foundational anatomy/physiology rather than disease pathology per se. Reclassified."
"debe9cfe-b489-4acb-900c-93a1aca541c7","LECTURE 1: Principles of Endocrinology","Year 3: Endocrine and Metabolic Pathology","","Year 3: General & Systemic Pathology","Endocrine and Metabolic Pathology","","high","Content confirmed: ""LECTURE 1: Principles of Endocrinology"" - matches category (real text ~20k chars after stripping embedded base64 images)"
"2b6584eb-2323-4db3-990f-85138828a1cc","Pharmacology Cheat Code","Year 3:  Pharmacology","Pharmacology","Year 3: Basic Pharmacology","Basic Pharmacology","","high","Clean label match: raw suffix ""Pharmacology"" maps directly to taxonomy"
"f18fa6cb-76d8-4403-812f-88213fb76ffa","CRUSH COURSE YEAR 3 SEM 1 WORK (Part 1) ","Year 3: Clinical Chemistry","","Year 3: Chemical Pathology","Clinical Chemistry","","medium","Multi-topic compilation (""3 Sections covering full 565-page document""): Clinical Chemistry fundamentals/panels/specimen-handling/plasma-proteins/enzymes/acid-base/lipids/QC (~12.4k chars, ~57%), Histopathology & Cytopathology/tissue-fixation/cytology-technique (~8.1k, ~37%), Nutrition & Dietetics/vitamins-malnutrition (~1.0k, ~5%). Clinical Chemistry dominant by volume, matches original label."
"791a83e4-6bdb-417d-87e0-774990888a3f","Obesity Types, Causes and Treatments","Year 3: Endocrine and Metabolic Pathology","","Year 3: General & Systemic Pathology","Endocrine and Metabolic Pathology","","high","Content confirmed: Obesity Types/Causes/Treatments - endocrine/metabolic topic, matches category (real text ~10.4k chars after stripping embedded base64 images)"
"1ee06374-eb71-4c97-b3fe-daf776e61251","Medical Virology: Hepatitis, Viral Carcinogenesis & Oncogenic Viruses","Year 3: Medical Virology","","Year 3: Medical Microbiology and Parasitology","Medical Virology","","high","Clean label match: raw suffix ""Medical Virology"" maps directly to taxonomy"
"863ee0f6-6bff-4265-9377-8545da87c2e4","Review Questions","Year 3: Endocrine and Metabolic Pathology","","Year 3: General & Systemic Pathology","Endocrine and Metabolic Pathology","","high","Content confirmed: Thyroid hormone synthesis Q&A - matches category (real text only ~5.2k chars after stripping ~1.09MB of embedded base64 image data)"
"aa80da6c-f516-42b2-a9e2-196682594bc8","Oncopathology And Genetic Disorders End Sem Cat","Year 3: Endocrine and Metabolic Pathology","","Year 3: General & Systemic Pathology","Genetic Disorders","","medium","Multi-topic: ""SECTION A: Oncopathology"" (grading/staging, ~4.8k chars) + ""SECTION B: Genetic Disorders"" (Mendelian inheritance patterns, ~8.4k chars). Genetic Disorders section is larger by volume."
"7f8d6102-fe3f-4752-a226-6b1370420b35","VASCULAR PATHOLOGY — Must-Know Notes","Year 3: General Pathology","","Year 3: General & Systemic Pathology","Cardiovascular System Pathology","","high","Category is ""General Pathology"" but title (""VASCULAR PATHOLOGY — Must-Know Notes"") is Cardiovascular System Pathology - reclassified (duplicate of bf553699)"
"4b5f904e-ea92-4732-b3e5-dd1f589db48f","COMPREHENSIVE BASIC PHARMACOLOGY - 120 CHALLENGING MCQs","Year 3: Basic Pharmacology III","","Year 3: Basic Pharmacology","Basic Pharmacology","","high","Clean label match: raw suffix ""Basic Pharmacology III"" maps directly to taxonomy"
"96eb9450-a0e7-401d-b5ec-dbf8d0b17d42","Basic Pharmacology - Study Guide","Year 3: Basic Pharmacology III","","Year 3: Basic Pharmacology","Basic Pharmacology","","high","Clean label match: raw suffix ""Basic Pharmacology III"" maps directly to taxonomy"
"fa8ac930-6e96-4732-9167-77c21ac6eba7","ONCOPATHOLOGY - 30 KEY SHORT ANSWER QUESTIONS Hallmarks 1,2 &amp; 3","Year 3: General Pathology","","Year 3: General & Systemic Pathology","Oncopathology","","high","Category is ""General Pathology"" but title (""ONCOPATHOLOGY - 30 KEY SHORT ANSWER QUESTIONS Hallmarks"") is Oncopathology - reclassified"
"3caafd28-a84d-4495-9281-32d9acda913d","","Year 3: Male Reproductive and Urinary System Pathology","","Year 3: General & Systemic Pathology","Male Reproductive and Urinary System Pathology","","high","Empty title field but content matches the ""Penile & Testicular Pathologies"" male reproductive overview - legitimate content, category label correct, just missing a title"
"596613ad-c9dd-465b-a916-36a9ad9ab9d3","VIROLOGY SEM 3 CRASHED","Year 3: Medical Virology","","Year 3: Medical Microbiology and Parasitology","Medical Virology","","high","Clean label match: raw suffix ""Medical Virology"" maps directly to taxonomy"
"7220b242-bdb5-4bb9-965b-81fdcbf7a481","ONCOPATHOLOGY - MCQs WITH EXPLANATIONS","Year 3: General Pathology","","Year 3: General & Systemic Pathology","Oncopathology","","high","Category is ""General Pathology"" but title (""ONCOPATHOLOGY - MCQs WITH EXPLANATIONS"") is Oncopathology - reclassified"
"a26c5e3e-79eb-475e-9910-58b207a5413d","Biochemical Endocrinology, MBMB2234: Neurochemistry","Year 3: Endocrine and Metabolic Pathology","","Year 3: General & Systemic Pathology","Endocrine and Metabolic Pathology","","medium","Content is ""Biochemical Endocrinology, MBMB2234: Neurochemistry"" exam paper (Medical Biochemistry II, unit code MBMB2200) - genuinely about hormone biochemistry, fits Endocrine and Metabolic Pathology topically despite being from a different course code; kept as on-topic match."
"069963bb-0d9e-4ce9-a506-ac8c51ccb377","Endocrine and Metabolic Pathology MCQs","Year 3: Endocrine and Metabolic Pathology","","Year 3: General & Systemic Pathology","Endocrine and Metabolic Pathology","","high","Content confirmed Endocrine and Metabolic Pathology MCQs (real text ~17k chars after stripping ~1.4MB of embedded base64 image data)"
"c9534b2e-5343-417b-a269-8f7ada0d44c0","General Pathology Q&amp;A","Year 3: General Pathology","","Year 3: General & Systemic Pathology","General Pathology","","high","Clean label match: raw suffix ""General Pathology"" maps directly to taxonomy"
"901655db-b9ee-4e89-afb9-adefe31d2590","Pharmco Notes","Year 3: Basic Pharmacology II","","Year 3: Basic Pharmacology","Basic Pharmacology","","high","Clean label match: raw suffix ""Basic Pharmacology II"" maps directly to taxonomy"
"9202095d-257c-4276-ae65-56ff1f4cfbbb","Master Pharmacokinetics, Dynamics & Antimicrobial Drugs","Year 3:  Pharmacology","","Year 3: Basic Pharmacology","Basic Pharmacology","","high","Clean label match: raw suffix ""Pharmacology"" maps directly to taxonomy"
"7f7aa944-e1df-4404-ac24-3025558518f9","🫀 VALVULAR HEART DISEASE — ULTRA DEEP NOTES","Year 3: Cardiovascular System Pathology","","Year 3: General & Systemic Pathology","Cardiovascular System Pathology","","high","Clean label match: raw suffix ""Cardiovascular System Pathology"" maps directly to taxonomy"
"16936379-5541-46a7-9138-7089393c06a3","Bnd 3104 Nutrition And Dietetics","Year 3: Respiratory System Pathology","","Year 3: Nutrition and Dietetics","Nutrition and Dietetics","","high","Category is ""Respiratory System Pathology"" but title (""Bnd 3104 Nutrition And Dietetics"") is clearly Nutrition and Dietetics - reclassified"
"e89cc675-7eb8-42c2-b021-241126472bd1","MBPL3621 Introduction to Pharmacology Quiz 1","Year 3: Basic Pharmacology III","","Year 3: Basic Pharmacology","Basic Pharmacology","","high","Clean label match: raw suffix ""Basic Pharmacology III"" maps directly to taxonomy"
"014a15f6-b25b-435c-b9d3-d68946e03f68","Pathology Continuous Assessment July 2021","Year 3: General Pathology","","Year 3: General & Systemic Pathology","General Pathology","","high","Clean label match: raw suffix ""General Pathology"" maps directly to taxonomy"
"c69a56b6-4e6e-4e81-bf59-cde7fb4e7f34","Endocrine and Metabolic Pathology MCQs: Practice Questions","Year 3: Endocrine and Metabolic Pathology","","Year 3: General & Systemic Pathology","Endocrine and Metabolic Pathology","","high","Clean label match: raw suffix ""Endocrine and Metabolic Pathology"" maps directly to taxonomy"
"1fdb0622-5e2f-4f88-81d3-9f0abef8d359","Inflammation and Tissue Repair - MCQs","Year 3: General Pathology","","Year 3: General & Systemic Pathology","General Pathology","","high","Clean label match: raw suffix ""General Pathology"" maps directly to taxonomy"
"c2b9c790-26af-41fd-b5c2-01c27380fa81","","Year 3: Chemical Pathology","Chemical Pathology","Year 3: Chemical Pathology","Clinical Chemistry","","high","Empty title field but content is a genuine Chemical Pathology exam paper (BPA2103, acid-base/respiratory-alkalosis MCQs) - legitimate content, category label correct, just missing a title"
"cb17dd01-18e8-4a33-b4ac-76aeedd53e2c","Pharmacology CRASH Course","Year 3:  Pharmacology","","Year 3: Basic Pharmacology","Basic Pharmacology","","high","Clean label match: raw suffix ""Pharmacology"" maps directly to taxonomy"
"5c815f8a-1046-4fca-bb3c-f5873435d072","Endocrine and Metabolic Pathology MCQs for Medical Students","Year 3: Endocrine and Metabolic Pathology","","Year 3: General & Systemic Pathology","Endocrine and Metabolic Pathology","","high","Content confirmed Endocrine and Metabolic Pathology MCQs for Medical Students (real text ~33k chars after stripping ~1.2MB of embedded base64 image data)"
"86afc1e0-2a5e-429e-87f2-43bcbf654610","MBChB Clinical Exam: Cranial Nerves, Resp & Abdominal Skills","Year 3: Introduction to Clinical Techniques","","Year 3: Clinical Techniques","Introduction to Clinical Techniques","","high","Clean label match: raw suffix ""Introduction to Clinical Techniques"" maps directly to taxonomy"
"087bd6a6-36f6-48b6-96d5-077cb2844840","Hematopathology MCQs & Essays: MBChB Exam Revision Guide","Year 3 : Hematopathology","","Year 3: Hematology and Blood Transfusion","Hematopathology","","high","Clean label match: raw suffix ""Hematopathology"" maps directly to taxonomy"
"7cd72a72-6794-4fcc-a54a-9b9cf7b36a63","Dr. Orata Haematology MCQs: Past Paper Questions & Answers","Year 3: Hematopathology","Hematopathology","Year 3: Hematology and Blood Transfusion","Hematopathology","","high","Clean label match: raw suffix ""Hematopathology"" maps directly to taxonomy"
"05730379-3a50-4d3f-b9b4-4633b675ec2c","Medical MCQs: Chemical Pathology & Haematology Exam Review","Year 3: Patho Rev","Patho Rev","Year 3: General & Systemic Pathology","General Pathology","","low","Extremely multi-topic mega-compilation (77k chars): MONDAY Chemical Pathology+Haematology (~17.7k, 23%), TUESDAY Systemic/General Pathology MCQs+Essays merged from ALL papers (~54.5k, 70%), WEDNESDAY Immunopathology (~4.8k, 6%). Picked GSP/General Pathology as dominant course share by volume but this is a mega question-bank spanning virtually the entire Year 3 curriculum and needs manual splitting; title mentions only ""Chemical Pathology & Haematology"" though those are the minority."
"1badb62d-24d0-45fd-858e-2dbadd531b58","CNS & Abdominal Exam: Clinical Techniques, History & Neurology","Year 3: Introduction to Clinical Techniques","","Year 3: Clinical Techniques","Introduction to Clinical Techniques","","high","Clean label match: raw suffix ""Introduction to Clinical Techniques"" maps directly to taxonomy"
"a07be859-2089-47e0-a864-8201284b32af","Medical Mycology Q&A: Fungal Pathogens, Drugs, & Diseases","Year 3: Medical Mycology","Medical Mycology","Year 3: Medical Microbiology and Parasitology","Medical Mycology","","high","Clean label match: raw suffix ""Medical Mycology"" maps directly to taxonomy"
"d267894d-7e44-4048-b978-8132818f526c","CVS History & Physical Exam: Symptoms, Chest Pain & Syncope","Year 3: Clinical Techniques","Clinical Techniques","Year 3: Clinical Techniques","Clinical Techniques","","high","Clean label match: raw suffix ""Clinical Techniques"" maps directly to taxonomy"
"a69b0ce3-04dd-410e-b67c-aef3375880b9","CNS History Taking & Neurological Exam Guide | Clinical Skills","Year 3: Clinical Techniques","Clinical Techniques","Year 3: Clinical Techniques","Clinical Techniques","","high","Clean label match: raw suffix ""Clinical Techniques"" maps directly to taxonomy"
"682c1d25-3d6d-4508-9f72-b7304d27cdec","Complete Nutrition Science: Macronutrients & Health Foundations","Year 3: Nutrition & Diuretics Year 3 Notes","Nutrition & Diuretics Year 3 Notes","Year 3: Nutrition and Dietetics","Nutrition and Dietetics","","high","Clean label match: raw suffix ""Nutrition & Diuretics Year 3 Notes"" maps directly to taxonomy"
"44fc681f-a206-4dd3-a5ba-22b7b1a38919","Clinical Nutrition & Dietetics: Exam Review & Core Concepts","Year 3: Nutrition & Diuretics Year 3 Notes","Community Health","Year 3: Nutrition and Dietetics","Nutrition and Dietetics","","high","Clean label match: raw suffix ""Nutrition & Diuretics Year 3 Notes"" maps directly to taxonomy"
"425c7c46-cf0a-4b37-b66b-7bf911b9cdaa","Mastering Community Health: Diagnosis, Indicators & Care Strategies","Year 3: Community Health","Community Health","Year 3: Community Health","Community Health","","high","Clean label match: raw suffix ""Community Health"" maps directly to taxonomy"
"cd769b67-4dcd-4814-bd15-50ad6c9989dc","Aplastic Anemia: Causes, Symptoms & Treatment | Hematology","Year 3: Blood Transfusion","","Year 3: Hematology and Blood Transfusion","Hematopathology","","high","Category is ""Blood Transfusion"" but content (""Aplastic Anemia... Hoffbrand's Essential Haematology Ch.22, Bone Marrow Failure"") is Hematopathology - reclassified"
"7c1cc27d-4cbf-4bba-8a0f-32aa9a6e1b2d","Acute Leukaemia (AML/ALL) & WBC Disorders: Hematology Guide","Year 3: Exam Hematology","","Year 3: Hematology and Blood Transfusion","Hematopathology","","high","Content confirmed: Acute Leukaemia (AML/ALL) & WBC Disorders (Topics 7-14)"
"a15874d0-3082-4e8e-8783-520e71372e63","Blood Transfusion Guide: ABO, Reactions, Products & Safety","Year 3: Exam Hematology","","Year 3: Hematology and Blood Transfusion","Blood Transfusion","","high","Content confirmed: Blood Transfusion Guide - ABO, Reactions, Products & Safety (Topics 15-18)"
"3dd714bb-9dee-463a-86da-4947519713c9","MKU MBChB Year 3 Exams 2026: Timetable, Pathology, Microbiology","Year 3: Exam Timetable","","","","reference","high","Exam Timetable document - not a course unit"
"09b36161-b456-49e2-9274-0463a236aecb","High-Yield Clinical Exam Notes: Cranial Nerves, Respiratory, Cardio","Year 3: Introduction to Clinical Techniques","","Year 3: Clinical Techniques","Introduction to Clinical Techniques","","high","Clean label match: raw suffix ""Introduction to Clinical Techniques"" maps directly to taxonomy"
"8544c7a9-8ff7-4418-a282-ddf5f2978c24","CRUSH COURSE (PART 2) Clinical Chem Patho","Year 3: Clinical Chemistry","","Year 3: Chemical Pathology","Clinical Chemistry","","high","Clean label match: raw suffix ""Clinical Chemistry"" maps directly to taxonomy"
"cb640a0a-7fc6-4c0f-bb17-e701fc6d7626","CRASH COURSE PART 3 CHEMICAL PATHO","Year 3: Clinical Chemistry","","Year 3: Chemical Pathology","Clinical Chemistry","","high","Clean label match: raw suffix ""Clinical Chemistry"" maps directly to taxonomy"
"74c68d06-4cda-4429-b6b4-a82444456bf3","MBPL3822 Chemotherapy CAT 1 MCQs","Year 3: Basic Pharmacology II","","Year 3: Basic Pharmacology","Basic Pharmacology","","high","Clean label match: raw suffix ""Basic Pharmacology II"" maps directly to taxonomy"