id,title,old_category,new_category,status
"d333712a-dc6c-4e69-a939-8e404cb506a2","MDS, Myelofibrosis & HLH: Key Blood Disorders Explained","Year 3: Hematology and Blood Transfusion","Year 3: Hematopathology","success"
"ccf06f8e-b252-423a-a537-11ca0943696e","MEDICAL MYCOLOGY — SHORT ANSWER QUESTIONS","Year 3: Medical Microbiology and Parasitology","Year 3: Medical Mycology","success"
"3eeeb28f-f18a-4255-889c-b505df592737","Breast Carcinoma: Understanding Types, Receptors & Treatment","Year 3: General & Systemic Pathology","Year 3: Breast Pathology","success"
"a576d3d9-e3ce-4338-a62f-b03f922f4589","Clinical Genetics: Master Mendelian Disorders & Molecular Basis","Year 3: General & Systemic Pathology","Year 3: Genetic Disorders","success"
"b8b9c446-1a5b-47a1-8d49-7168ccfa8d22","Lung Pathology","Year 3: General & Systemic Pathology","Year 3: Respiratory System Pathology","success"
"6f55be10-d2ec-4dc1-bbe5-7fe8381086b9","Master Medical Mycology: MKU Exam Guide for Fungal Diseases","Year 3: Medical Microbiology and Parasitology","Year 3: Medical Mycology","success"
"d170f990-cb11-424f-accf-9023014f1ace","Medical Biochemistry II (MBMB 2200) -2","Year 3: Chemical Pathology","Year 3: Chemical Pathology","no-op (already correct)"
"d1c0a31b-6348-4db1-a22e-3a5f329f8a96","Human Pathology","Year 3: General & Systemic Pathology","Year 3: General Pathology","success"
"c43006a9-49c5-4341-a86a-f78628d068a1","Urinary Tract Obstruction & Hydronephrosis: Causes, Symptoms","Year 3: General & Systemic Pathology","Year 3: Male Reproductive and Urinary System Pathology","success"
"043d6aa5-80b6-48fb-8cf8-9ebb32ea442c","General Pathology MCQs: Fixatives, FNA, Endocrine & ARDS","Year 3: General & Systemic Pathology","Year 3: General Pathology","success"
"b4960603-82c1-4098-a505-02500a98079e","Benign Breast Epithelial Lesions: Types, Risk & Pathology","Year 3: General & Systemic Pathology","Year 3: Breast Pathology","success"
"ea573e98-ff38-4dd4-b216-d68cab1592b5","Stromal Tumors: Fibroadenoma & Phyllodes Tumor Pathology","Year 3: General & Systemic Pathology","Year 3: Breast Pathology","success"
"7797688c-7bf5-47e5-9911-d95513648161","Breast Inflammation: Mastitis, Periductal Mastitis & Duct Ectasia","Year 3: General & Systemic Pathology","Year 3: Breast Pathology","success"
"d8fa9c92-78cc-43cc-91e0-a731208ec3b8","Renal Vascular Diseases: Nephrosclerosis & Renal Artery Stenosis","Year 3: General & Systemic Pathology","Year 3: Male Reproductive and Urinary System Pathology","success"
"b13a3a5a-ceb4-49cc-a1c0-ef516fba3c9c","Pigmentation & Melanocyte Disorders: Nevi, Freckles Pathology","Year 3: General & Systemic Pathology","Year 3: Dermatopathology","success"
"584b467c-0606-4c0e-aa8f-040d83421e0c","Community Health: Principles, Concepts & Diagnosis Guide","Year 3: Community Health","Year 3: Community Health","no-op (already correct)"
"9f8daef9-7582-4f7d-8f23-a5588b663adf","Blood Transfusion: ABO, Rh Blood Groups, Compatibility & HDN","Year 3: Hematology and Blood Transfusion","Year 3: Blood Transfusion","success"
"ef1a7f99-7653-4535-b148-19e8877c2075","Haemostasis & Coagulation: Platelet Function & Bleeding Disorders","Year 3: Hematology and Blood Transfusion","Year 3: Hematopathology","success"
"558d5138-78da-426b-a7c3-555c9b97e59a","Pharmacology Examination MCQs","Year 3: Basic Pharmacology","Year 3: Basic Pharmacology I","success"
"fcf197c0-b3ae-4473-baab-d88da4b5f839","Blood Transfusion Contraindications & Acute Reactions","Year 3: Hematology and Blood Transfusion","Year 3: Blood Transfusion","success"
"bc64a3fa-c99f-419d-b818-47c0898a9881","Medical Mycology: Fungi Properties, Benefits & Harmful Effects","Year 3: Medical Microbiology and Parasitology","Year 3: Medical Mycology","success"
"9f8419f9-27e7-4b17-89fc-545036a916c7","Oncopathology MCQs: Test Your Knowledge on Cancer Pathology","Year 3: General & Systemic Pathology","Year 3: Oncopathology","success"
"ea279fe7-551d-4c87-b985-323ac6fb97b6","Medical Fungi: Classification, Morphology, Reproduction & Spores","Year 3: Medical Microbiology and Parasitology","Year 3: Medical Mycology","success"
"f67e2004-1de6-4b84-ae7a-8693051de36d","Mycoses: Fungal Pathogenesis, Virulence & Host Immune Defense","Year 3: Medical Microbiology and Parasitology","Year 3: Medical Mycology","success"
"7dade3ab-bf8f-4424-8b45-7d0a4f8ff5f9","DISORDERS OF THE LOWER URINARY TRACT — Revision Notes","Year 3: General & Systemic Pathology","Year 3: Male Reproductive and Urinary System Pathology","success"
"59384604-9e23-49c8-8599-d1dcd764c66f","GASTROINTESTINAL PATHOLOGY (Part 1)","Year 3: General & Systemic Pathology","Year 3: Gastrointestinal Pathology","success"
"ac1c4907-be3b-4a36-9bd4-5040dae4bdfc","Gastrointestinal System: Symptoms, Diseases, & VINDICATE Guide","Year 3: General & Systemic Pathology","Year 3: Gastrointestinal Pathology","success"
"aff56e70-80d0-4e82-9dac-d3d734d194b8","Mastering Joint Pathology: Arthritis, OA & Joint Anatomy","Year 3: General & Systemic Pathology","Year 3: Bone and Soft Tissue Pathology","success"
"4a1d5d14-b428-4586-93c5-133a058c07ee","General Pathology I","Year 3: General & Systemic Pathology","Year 3: General Pathology","success"
"58ec9e18-54ef-42e3-a0da-500fa9bc95d9","Essential Cardiovascular Pathology: Atherosclerosis to Endoc","Year 3: General & Systemic Pathology","Year 3: Respiratory System Pathology","success"
"ec0d95b4-aceb-409d-bbef-f15088fe1210","Disorders of the Vagina and Breast","Year 3: General & Systemic Pathology","Year 3: Breast Pathology","success"
"0f5655da-913d-400f-8032-4b8ca98abc11","General Pathology MCQs: Cancer, Tumors & Molecular Path Review","Year 3: General & Systemic Pathology","Year 3: Oncopathology","success"
"e575f1a9-e85a-44c6-bd30-ff6f5b64fc66","General Clinical Examination: Revision Notes & Key Signs","Year 3: Clinical Techniques","Year 3: Introduction to Clinical Techniques","success"
"bf8d8ef7-164e-4ac0-835a-ab75e875e0dc","Cardiovascular Disease and Biochemical Markers MCQs","Year 3: General & Systemic Pathology","Year 3: Cardiovascular System Pathology","success"
"ac44d724-0955-4975-910b-aae0148879cb","Medical Virology: Adenoviruses, Hemorrhagic Fever & Viral Receptors","Year 3: Medical Microbiology and Parasitology","Year 3: Medical Virology","success"
"847aa557-0b8b-4082-a06a-c934b5331f42","Clinical Enzymes: Functions and Applications","Year 3: Chemical Pathology","Year 3: Clinical Chemistry","success"
"ee5492ab-fb9e-4dd9-829b-ee6a57e23ee4","Platelet Disorders","Year 3: Hematology and Blood Transfusion","Year 3: Hematopathology","success"
"dfdea184-a929-46dd-a20e-7a637d93119f","Pathology of Demyelinating Diseases: MS, NMO, ADEM, CPM","Year 3: General & Systemic Pathology","Year 3: Neuropathology","success"
"ec93296f-fe45-4170-a72d-01f09e256997","Bone & Soft Tissue Pathology: Cases, Tumors, & Answers","Year 3: General & Systemic Pathology","Year 3: Bone and Soft Tissue Pathology","success"
"f5193605-b074-4436-b9c8-03a43e11e9b8","Medical Virology: Parvovirus B19 & Adenovirus Exam Guide","Year 3: Medical Microbiology and Parasitology","Year 3: Medical Virology","success"
"3b3ab8d9-1b8a-4fe1-b913-8ac369842086","Antifungals, Antivirals, Antihelminthics & Antiprotozoals","Year 3: Basic Pharmacology","Year 3: Basic Pharmacology I","success"
"1992a755-7359-4c4d-b30c-805144e0855a","Neuropathology Essentials: Edema, Hydrocephalus, Brain Herniation","Year 3: General & Systemic Pathology","Year 3: Neuropathology","success"
"5dc964a2-6440-4814-ac75-9fdfb9410821","CARDIOVASCULAR PATHOLOGY","Year 3: General & Systemic Pathology","Year 3: Cardiovascular System Pathology","success"
"3f1134e7-2fc3-4b15-8451-eef4d150c7ac","Master Rhinoviruses & RVFV: Common Cold & Zoonotic Fever","Year 3: Medical Microbiology and Parasitology","Year 3: Medical Virology","success"
"3041fa92-88bc-47e4-990a-804517da7f5c","ENDOCRINE PATHOLOGY","Year 3: General & Systemic Pathology","Year 3: Endocrine and Metabolic Pathology","success"
"2470032d-1454-42ac-a081-f6e37998dd7f","Medical Mycology Q&A Section A.. ","Year 3: Medical Microbiology and Parasitology","Year 3: Medical Mycology","success"
"4d7edcf6-517a-4eb9-8dcc-226d602931d8","MASTER PHARMACOLOGY NOTES","Year 3: Basic Pharmacology","Year 3: Basic Pharmacology II","success"
"52fe3a7a-fab3-4829-92c4-31d66493091f","Medical Mycology Q&A Section B","Year 3: Medical Microbiology and Parasitology","Year 3: Medical Mycology","success"
"7ffd5f08-b8a9-4cdd-aa5a-71bb34364401","Pathology Mechanisms: Inflammation, PE, & Impaired Healing","Year 3: General & Systemic Pathology","Year 3: General Pathology","success"
"db5b04d0-cb30-41ac-ba2a-2cbc15048d33","Medical Mycology Q&A Section C","Year 3: Medical Microbiology and Parasitology","Year 3: Medical Mycology","success"
"e4e9c1e8-45a6-4154-8b27-1c48664603a3","Hallmarks of Cancer: Molecular Basis, Cell Cycle & Oncogenes","Year 3: General & Systemic Pathology","Year 3: Oncopathology","success"
"66ca2809-8db2-484f-a77a-8865020d5a36","Liver Tumors: Benign and Malignant Overview","Year 3: General & Systemic Pathology","Year 3: Gastrointestinal Pathology","success"
"c0e8fd68-19b6-4a17-9638-efc3ba77c4ef","Immunopathology Exam: SCID, Transplant Rejection & GVHD","Year 3: Immunopathology","Year 3: Immunopathology","no-op (already correct)"
"394388b1-8286-4802-9626-bff8811384e9","Comprehensive Heart Pathology Notes 🫀","Year 3: General & Systemic Pathology","Year 3: Cardiovascular System Pathology","success"
"007ff8a1-d840-49c7-9424-2a02f1024930","Heart Pathology: Comprehensive Short Notes","Year 3: General & Systemic Pathology","Year 3: Cardiovascular System Pathology","success"
"b7fc81fe-ee11-4126-a7a3-e2e4b9a512c8","Herpesviridae: HSV-1, HSV-2 Pathogenesis & Clinical Diseases","Year 3: Medical Microbiology and Parasitology","Year 3: Medical Virology","success"
"061820bb-1f88-4a1c-ac40-577c1762347c","General & Systemic Pathology SAQ — Paper II","Year 3: General & Systemic Pathology","Year 3: General Pathology","success"
"c9a18250-7c66-4fee-a1e8-317cbbe14abf","Medical Microbiology III Exam: Viruses, Fungi & Diagnosis","Year 3: Medical Microbiology and Parasitology","Year 3: Medical Mycology","success"
"5b0663cd-3e2b-4287-b206-956a738e0713","High-Yield Medical Mycology: Top CAT Exam Questions & Drugs","Year 3: Medical Microbiology and Parasitology","Year 3: Medical Mycology","success"
"c7befa18-3168-4fa5-b65f-b0739206e4de","Clinical Enzymology and Biomarkers","Year 3: Chemical Pathology","Year 3: Chemical Pathology","no-op (already correct)"
"7875deff-6c18-4eaf-b532-dac472317493","TAKE HOME CAT 1&amp;2.","Year 3: Basic Pharmacology","Year 3: Basic Pharmacology","no-op (already correct)"
"069963bb-0d9e-4ce9-a506-ac8c51ccb377","Endocrine and Metabolic Pathology MCQs","Year 3: General & Systemic Pathology","Year 3: Endocrine and Metabolic Pathology","success"
"e486f428-24cb-44b7-9113-a82f877481e8","Specimen and Sample Handling in Clinical Diagnosis","Year 3: Chemical Pathology","Year 3: Chemical Pathology","no-op (already correct)"
"90467770-9f70-4027-b637-d23f2ffb743e","Master Blood Transfusion: A Medical Quiz on Reactions & Tests","Year 3: Hematology and Blood Transfusion","Year 3: Blood Transfusion","success"
"00babf2a-e3cb-4dd5-a239-0bf710c6db0f","Bone & Joint Pathology: Basic Structure, Cells, and Fractures","Year 3: General & Systemic Pathology","Year 3: Bone and Soft Tissue Pathology","success"
"17dc932c-7f44-4ca6-ba57-18c104110ea2","Histopathology & Cytopathology: Tissue Fixation & Exam Guide","Year 3: General & Systemic Pathology","Year 3: Histopathology & Cytopathology","success"
"1ee06374-eb71-4c97-b3fe-daf776e61251","Medical Virology: Hepatitis, Viral Carcinogenesis & Oncogenic Viruses","Year 3: Medical Microbiology and Parasitology","Year 3: Medical Virology","success"
"e0aa7e9d-ec9f-418b-944d-e6a2fa233d24","Liver Function Tests (LFTs)","Year 3: Chemical Pathology","Year 3: Chemical Pathology","no-op (already correct)"
"46131691-6afb-43f5-8c61-2a5bdeb50a46","MYCOLOGY MCQs — Complete Bank","Year 3: Medical Microbiology and Parasitology","Year 3: Medical Mycology","success"
"1ebc9918-6ee2-452d-85a4-c1c75ba87939","EXAM: Vaccines & Antivirals, Rabies, CMV & EBV, Adenovirus & Enteroviruses","Year 3: Medical Microbiology and Parasitology","Year 3: Medical Virology","success"
"ecd7be8b-3eba-47e8-8b98-5511d8262d64","EXAM: Hepatitis Viruses, Oncogenic Viruses, Paramyxoviruses & Arboviruses","Year 3: Medical Microbiology and Parasitology","Year 3: Medical Virology","success"
"596613ad-c9dd-465b-a916-36a9ad9ab9d3","VIROLOGY SEM 3 CRASHED","Year 3: Medical Microbiology and Parasitology","Year 3: Medical Virology","success"
"863ee0f6-6bff-4265-9377-8545da87c2e4","Review Questions","Year 3: General & Systemic Pathology","Year 3: Endocrine and Metabolic Pathology","success"
"7220b242-bdb5-4bb9-965b-81fdcbf7a481","ONCOPATHOLOGY - MCQs WITH EXPLANATIONS","Year 3: General & Systemic Pathology","Year 3: Oncopathology","success"
"64d58490-0228-4109-8d96-35105b3feff9","Chemical Pathology Practice Examination","Year 3: Chemical Pathology","Year 3: Chemical Pathology","no-op (already correct)"
"8183904a-f139-497f-a8fc-2aee150f4017","Immunopathology Cat: Hypersensitivity & Anaphylaxis MCQs","Year 3: Immunopathology","Year 3: Immunopathology","no-op (already correct)"
"6bcccc1c-b6cc-4556-835a-13d9195e057c","Congenital Heart Disease","Year 3: General & Systemic Pathology","Year 3: Cardiovascular System Pathology","success"
"e6040970-8c63-4206-9305-1bfd107d78cc","EXAM: Bacteriophages, Laboratory Diagnosis, HPV & Parvovirus B19","Year 3: Medical Microbiology and Parasitology","Year 3: Medical Virology","success"
"ea5add0f-cd75-44f4-adb3-cb2ac33ef717","Pathology CAT 1: Cell Injury, Metaplasia & Hypoxia Q&A","Year 3: General & Systemic Pathology","Year 3: General Pathology","success"
"ce08bfa7-871f-4b12-991e-851a2035d771","ONCOPATHOLOGY MCQs - HALLMARKS OF CANCER","Year 3: General & Systemic Pathology","Year 3: Oncopathology","success"
"014a15f6-b25b-435c-b9d3-d68946e03f68","Pathology Continuous Assessment July 2021","Year 3: General & Systemic Pathology","Year 3: General Pathology","success"
"b22c8ae8-0aaf-448c-a6ec-b1f921666235","MBChB Year 3 Medical Virology Exam Notes: HSV, CMV, EBV","Year 3: Medical Microbiology and Parasitology","Year 3: Medical Virology","success"
"9202095d-257c-4276-ae65-56ff1f4cfbbb","Master Pharmacokinetics, Dynamics & Antimicrobial Drugs","Year 3: Basic Pharmacology","Year 3: Basic Pharmacology I","success"
"16936379-5541-46a7-9138-7089393c06a3","Bnd 3104 Nutrition And Dietetics","Year 3: Nutrition and Dietetics","Year 3: Nutrition and Dietetics","no-op (already correct)"
"ef61c80e-1e66-4624-a4a6-7192ee43d8a3","Introduction to Oncology: History, Genetics & Immuno-oncology","Year 3: Basic Pharmacology","Year 3: Basic Pharmacology III","success"
"f63f63da-62cb-4d72-9809-83357c256c06","Oncopathology Explained CAT : Cancer Hallmarks, Carcinogens & Tumors","Year 3: General & Systemic Pathology","Year 3: Oncopathology","success"
"1d8d64ce-a99a-4a9a-a5ed-8dddd9fe22c0","MEDICAL MYCOLOGY — LONG ANSWER QUESTIONS","Year 3: Medical Microbiology and Parasitology","Year 3: Medical Mycology","success"
"cf20af6c-cd88-4dfb-be92-1a8122520772","Cryptococcal Meningitis: Symptoms, Causes & Fungal Treatment","Year 3: Medical Microbiology and Parasitology","Year 3: Medical Mycology","success"
"1d281c24-b5a8-4ff7-9c61-94310fe2139f","MKU Medical Virology Exam Guide: HIV, CMV, Vaccines & More","Year 3: Medical Microbiology and Parasitology","Year 3: Medical Virology","success"
"50dbd673-dc01-4f1a-9429-8de8dc035725","Oncology: Surgery, Radiotherapy & Chemotherapy Explained","Year 3: Basic Pharmacology","Year 3: Basic Pharmacology III","success"
"eb948af9-2b1c-4e77-961c-b2994e180a8f","Cancer Pharmacology: Cell Cycle, Oncogenes & Drug Targets","Year 3: Basic Pharmacology","Year 3: Basic Pharmacology III","success"
"5dc38c34-df55-4204-9425-fc7fcb210f19","Gastrointestinal Pathology Exam: H. pylori, Barrett's, Anomalies","Year 3: General & Systemic Pathology","Year 3: Gastrointestinal Pathology","success"
"fe23f6a7-e01d-4b5d-9ac8-cf78b973cb88","Cell Cycle & Chemotherapy: Drug Mechanisms & Phases","Year 3: Basic Pharmacology","Year 3: Basic Pharmacology III","success"
"0d31a817-1830-47fa-b52a-3fac1bc3c117","Head & Neck Pathology MCQs: Oral, Ear, Throat & Gland Tumors","Year 3: General & Systemic Pathology","Year 3: Head & Neck Pathology","success"
"94108dad-7d21-421f-9801-4acb35332f18","ONCOPATHOLOGY - SHORT ANSWER QUESTIONS (SAQs)","Year 3: General & Systemic Pathology","Year 3: Oncopathology","success"
"89c47275-d9c4-43ff-b89d-52bb93d36599","-Know Sickle Cell Disease: Pathology, Genetics & Mechanisms","Year 3: Hematology and Blood Transfusion","Year 3: Hematopathology","success"
"4f30c9ff-3a67-4455-8bf4-ede1f6148987","Lower Urinary Tract & Ureter Pathology: Obstruction & Tumors","Year 3: General & Systemic Pathology","Year 3: Male Reproductive and Urinary System Pathology","success"
"9ef3c5cd-004e-4b7d-af80-899f384ec14a","Pathology MCQs: Cell Injury, Cell Death, and Adaptations","Year 3: General & Systemic Pathology","Year 3: General Pathology","success"
"5f937a40-812a-42ae-ac53-a4f8c4c4e386","Chemical Pathology: Endocrine Cases, Pituitary & Thyroid Q&A","Year 3: Chemical Pathology","Year 3: Chemical Pathology","no-op (already correct)"
"f80d97cf-4334-45df-891e-64a4bfea6491"," Transfusion: Governance, Donor Selection & Blood Groups","Year 3: Hematology and Blood Transfusion","Year 3: Blood Transfusion","success"
"cc1370f6-e8c7-4e3e-ac00-cfa10e577f2a","Cerebrovascular Disease: Stroke, Ischemia & Hemorrhage Explained","Year 3: General & Systemic Pathology","Year 3: Neuropathology","success"
"656c382f-db9f-4048-a720-a5d759707f4a","Chemical Pathology MCQs","Year 3: Chemical Pathology","Year 3: Clinical Chemistry","success"
"3e3824f4-922e-4ee7-aa1b-827f30a63811","Acute Tubular Injury (ATI): AKI Causes, Pathology & Prognosis","Year 3: General & Systemic Pathology","Year 3: Male Reproductive and Urinary System Pathology","success"
"cc71fad9-bd09-46ff-880b-2bf3639d208c","CVS History, Physical Exam & ECG: Master Clinical Assessment","Year 3: Clinical Techniques","Year 3: Introduction to Clinical Techniques","success"
"c22b7ee9-6698-4359-bfe9-062d89fc548b","Pharmacology END SEM 3CAT: Drug Response, Bioavailability & Antifungals","Year 3: Basic Pharmacology","Year 3: Basic Pharmacology I","success"
"3894745c-5fbf-4ef5-bcd3-5219ee7553db","Pharmacology Wk 1 & 2","Year 3: Basic Pharmacology","Year 3: Basic Pharmacology II","success"
"f0919406-1c17-468e-ad04-63ed01b065fd","Chemical Pathology","Year 3: Chemical Pathology","Year 3: Chemical Pathology","no-op (already correct)"
"91f930be-0d43-4888-8330-a2ec540c3f29","Bladder Cancer & Urothelial Neoplasms: Types, Risks, Pathogenesis","Year 3: General & Systemic Pathology","Year 3: Male Reproductive and Urinary System Pathology","success"
"68641b6b-7c93-4e05-9bbc-b280891e9124","PATHOLOGY MCQs: CELL INJURY, DEATH, AND ADAPTATIONS","Year 3: General & Systemic Pathology","Year 3: General Pathology","success"
"b61441a2-fce2-4e1e-b47a-501dc3947850","Oncopathology Hallmarks of Cancer MCQs","Year 3: General & Systemic Pathology","Year 3: Oncopathology","success"
"0171a092-e53c-4985-8d96-dcdd57f4b54f","CNS Pathology: Neuron & Astrocyte Injury, Reactions & Neurodegeneration","Year 3: General & Systemic Pathology","Year 3: Neuropathology","success"
"e5570ce6-84b0-4141-b124-18f49aa946bd","💊 Weeks 6 & 7 Must-Know Notes","Year 3: Basic Pharmacology","Year 3: Basic Pharmacology I","success"
"eeb34078-9794-4228-90f0-44da0fb3fd58","Pathology of Acute Skin Inflammation: Urticaria & Eczema","Year 3: General & Systemic Pathology","Year 3: Dermatopathology","success"
"1459bd9f-cdf0-44ee-9e02-0b4e85caddb8","Breast Pathology: Developmental Disorders, Pain, Discharge, Masses","Year 3: General & Systemic Pathology","Year 3: Breast Pathology","success"
"ef90d847-3636-44bc-86be-5d26d798be91","🫀 MISSING TOPICS — ULTRA DEEP NOTES","Year 3: General & Systemic Pathology","Year 3: Cardiovascular System Pathology","success"
"fd646601-7f6e-4e59-a6e2-80269b0b6098","Herpesviridae: HSV-1, HSV-2, VZV Pathogenesis, Diagnosis, Treatment","Year 3: Medical Microbiology and Parasitology","Year 3: Medical Virology","success"
"f7b1ba96-9487-4124-95f4-3a8bf4938f93","Infectious Arthritis: Bacterial, TB & Viral Joint Infections","Year 3: General & Systemic Pathology","Year 3: Bone and Soft Tissue Pathology","success"
"d195783a-fb87-414c-82d6-8bf1ee361c4f","Herpesviruses: HSV-1, HSV-2, VZV, Symptoms, Diagnosis, Tx","Year 3: Medical Microbiology and Parasitology","Year 3: Medical Virology","success"
"ee8c269e-f49e-4b62-a75b-a6c564f51f5a","LIPID AND LIPOPROTEIN DISORDERS MCQs","Year 3: Chemical Pathology","Year 3: Clinical Chemistry","success"
"8eed6952-b901-478b-9a3a-1cdd94d50fce","LECTURE 6: Pancreatic and Adrenal Hormones","Year 3: General & Systemic Pathology","Year 3: Endocrine and Metabolic Pathology","success"
"d433fddc-e909-4503-93f4-1a7c78f835e1","Haematopathology MCQs: Blood Disorders & Anemia Explained","Year 3: Hematology and Blood Transfusion","Year 3: Hematopathology","success"
"ea4dfce6-0253-4be2-bb68-bfbf99a8782c","ADRENAL NEOPLASMS — Adenoma vs Carcinoma","Year 3: General & Systemic Pathology","Year 3: Endocrine and Metabolic Pathology","success"
"2c87572c-cac8-45f5-830e-71d080e5a623","Mycoses: Superficial, Cutaneous & Systemic Fungal Infections","Year 3: Medical Microbiology and Parasitology","Year 3: Medical Mycology","success"
"74c5dab9-c70c-49b5-bccc-0df5eb13cd33","Medical Bacteriology MCQs: ETEC, Pseudomonas, Salmonella & More","Year 3: Medical Microbiology and Parasitology","Year 3: Bacteriology","success"
"6df8a0a0-b0c6-4bf6-a9b6-14f0787cb40f","Mycotoxins & Aflatoxins: Health Risks, Diagnosis & Management","Year 3: Medical Microbiology and Parasitology","Year 3: Medical Mycology","success"
"64c21cd3-4e90-4dec-b687-233bd73480c9","Cardiovascular Pathology MCQs: Rheumatic Fever, AAA, HTN, HFpEF","Year 3: General & Systemic Pathology","Year 3: Cardiovascular System Pathology","success"
"25b2c9d9-fc25-48e3-bdb3-cb4add5af3b9","Fungal Genetics, HIV & Mycoses Epidemiology in Kenya","Year 3: Medical Microbiology and Parasitology","Year 3: Medical Mycology","success"
"095a3290-926f-4693-ac8e-0f27cce893b5","Skin & Breast Pathology CAT: MKU Year 3 Medicine Exam","Year 3: General & Systemic Pathology","Year 3: Breast Pathology","success"
"3cb38170-ccfc-4058-a170-4dd9d857b469","Glomerular Diseases: Classification, Histology & Pathology","Year 3: General & Systemic Pathology","Year 3: Male Reproductive and Urinary System Pathology","success"
"c9c32832-ac7d-410d-86a2-d8a577f1b637","Genetics & Disease: Muscular Dystrophy, CF, Marfan, Diabetes, Cancer","Year 3: General & Systemic Pathology","Year 3: Genetic Disorders","success"
"63fa1a73-2106-4b1c-ac30-d02e1379103c","general Pathology Q&amp;A","Year 3: General & Systemic Pathology","Year 3: General Pathology","success"
"74d6acd4-c449-40af-83c4-25bae2ae556b","Endocrine LAqs and SAqs","Year 3: General & Systemic Pathology","Year 3: Endocrine and Metabolic Pathology","success"
"c69f0853-3226-4387-b3c7-9ec617327671","Cytopathology vs Histopathology CAT: Definitions & Lab Basics","Year 3: General & Systemic Pathology","Year 3: Histopathology & Cytopathology","success"
"b4d538f1-3017-4c63-97d9-d288e9f133dd","GASTROINTESTINAL PATHOLOGY (Part 3)","Year 3: General & Systemic Pathology","Year 3: Gastrointestinal Pathology","success"
"3f48f7eb-e5db-4d23-bc47-8abfd70c9e28","Respiratory Pathology 1b","Year 3: General & Systemic Pathology","Year 3: Respiratory System Pathology","success"
"2ca687e8-eabe-4091-9462-0f92765f8ae2","End Sem Cat: Respiratory Pathology: Emphysema, ARDS, Pneumoconiosis","Year 3: General & Systemic Pathology","Year 3: Respiratory System Pathology","success"
"5647759d-d436-479e-9ae4-7e8bedcfab30","Types of Mutations in ARBHN (Amino Acid Replacement Based on Hemoglobin to Product Form)","Year 3: General & Systemic Pathology","Year 3: Genetic Disorders","success"
"86d65f5d-3d3a-43dc-8f33-ff834798534f","Heart Disease: Must Knows","Year 3: General & Systemic Pathology","Year 3: Cardiovascular System Pathology","success"
"b3dd28be-c71f-4074-b27a-ca5ba9ba123b","Liver Histology, Physiology and Pathology","Year 3: General & Systemic Pathology","Year 3: Gastrointestinal Pathology","success"
"7e0f34a5-52ad-4002-b2ed-86ea0491a371","Genetic Disorders CAT: Key Terms & Inheritance Patterns Explained","Year 3: General & Systemic Pathology","Year 3: Genetic Disorders","success"
"f3469fff-058a-4f2e-81ca-514c7f56c0a1","Breast Cancer Guide: Epidemiology, Risk Factors & Classification","Year 3: General & Systemic Pathology","Year 3: Breast Pathology","success"
"187bf467-6ef7-471f-8149-7b6382947e24","Penile & Testicular Pathologies: Hypospadias, Tumors, Torsion – Male Reproductiv","Year 3: General & Systemic Pathology","Year 3: Male Reproductive and Urinary System Pathology","success"
"33fb0af9-68e8-46d8-a2bf-14a6d661d667","Oncology Intro: Cancer Biology, Genetics & Immuno-Oncology","Year 3: Basic Pharmacology","Year 3: Basic Pharmacology III","success"
"14775036-cb2c-4e84-bdb7-b6a520583f11","Medical Pathology Final Revision: Chemical, Hema, Systemic","Year 3: General & Systemic Pathology","Year 3: General Pathology","success"
"31d07a12-1d26-49e0-8804-3474f6aed1e0","Introduction to Oncology: History, Genetics & Immuno-oncology","Year 3: Basic Pharmacology","Year 3: Basic Pharmacology III","success"
"7366b6a5-d0a0-4f6a-89e7-69b5dcdcc15f","SummaryThis document provides a comprehensive overview of male reproductive system pathologies, covering congenital malformations, inflammatory conditions, and neoplasms of the penis, testis, epididymis, and prostate. It details conditions such as hypospadias, squamous cell carcinoma of the penis, cryptorchidism, testicular torsion, germ cell tumors, prostatitis, benign prostatic hyperplasia (BPH), and prostate carcinoma. Key risk factors, pathogenesis, clinical features, and management strategies are discussed for each pathology.","Year 3: General & Systemic Pathology","Year 3: Male Reproductive and Urinary System Pathology","success"
"bd31016e-acfc-4759-bc4a-fc6d1e928eda","Chemotherapy Drugs: Cell Cycle Phase & Mechanism Explained","Year 3: Basic Pharmacology","Year 3: Basic Pharmacology III","success"
"e2eaaf23-35c7-41fe-b8a1-6d9d2e8c8d40","Renal, Liver, Cardiac & Adrenal Function Tests for Year 3","Year 3: Hematology and Blood Transfusion","Year 3: Hematopathology","success"
"1ce71419-51e8-4bd9-8079-9923c892a19c","ADRENAL NEOPLASMS — Adenoma vs Carcinoma","Year 3: General & Systemic Pathology","Year 3: Endocrine and Metabolic Pathology","success"
"550e3408-a708-4f85-9f3e-4d765f5ff070","Medical Mycology Fundamentals: Fungi, Antifungal Drugs & More","Year 3: Medical Microbiology and Parasitology","Year 3: Medical Mycology","success"
"c44bf6c3-130e-4f6c-9126-84513ba24eb4","ADRENAL NEOPLASMS — Adenoma vs Carcinoma","Year 3: General & Systemic Pathology","Year 3: Endocrine and Metabolic Pathology","success"
"f92ded78-f5b7-4ec7-ab7d-69a9590611ef","Tuesday","Year 3: General & Systemic Pathology","Year 3: General Pathology","success"
"b6c8555f-e9db-4f71-8814-cd6f555a8513","Cellular Injury and Adaptation MCQs","Year 3: General & Systemic Pathology","Year 3: General Pathology","success"
"028b0cbc-30f6-42f0-9076-5d31f7738227","MBCHB Virology & Mycology: Interferons, Vaccines, Fungi, Mycetoma","Year 3: Medical Microbiology and Parasitology","Year 3: Medical Mycology","success"
"594d8cce-de88-4f98-be4f-d163232cc369","Cytomegalovirus (CMV) Guide: Pathogenesis, Dx & Treatment","Year 3: Medical Microbiology and Parasitology","Year 3: Medical Virology","success"
"698a6fca-b506-4ccb-b40d-cb209da7a376","Tuesday Part 2","Year 3: General & Systemic Pathology","Year 3: Gastrointestinal Pathology","success"
"af99ae0f-c9c1-4123-8adc-7be733b13a52","Adenovirus & Parvovirus B19: Non-Enveloped DNA Virus Guide","Year 3: Medical Microbiology and Parasitology","Year 3: Medical Virology","success"
"024030f6-f8fb-4529-ac28-0a4e59ae6b01","Life Cycles of Medically Important Trematodes (Flukes)","Year 3: Medical Microbiology and Parasitology","Year 3: Parasitology","success"
"958891be-f438-4ac7-91d4-6bdde759a53f","Oncopathology & Histopathology Answers","Year 3: General & Systemic Pathology","Year 3: Histopathology & Cytopathology","success"
"72b76c33-b5f6-4437-a582-54fe706c772d","Clinical Endocrinology Cases: Pituitary Tumour, PCOS, Type 1 Diabetes, and HHS","Year 3: General & Systemic Pathology","Year 3: Endocrine and Metabolic Pathology","success"
"aca1d504-5556-4456-949f-0e1de4785028","Chemical Pathology MCQs: Diabetes, Renal & Liver Disease","Year 3: Chemical Pathology","Year 3: Chemical Pathology","no-op (already correct)"
"63983f31-3cd1-44cc-a518-643d9dfb8d6b","Acne Vulgaris & Rosacea: Pathology, Symptoms, & Treatment","Year 3: General & Systemic Pathology","Year 3: Dermatopathology","success"
"c3585606-cb89-4afc-8447-fbc836ec0829","Quality Control in Clinical Chemistry","Year 3: Chemical Pathology","Year 3: Chemical Pathology","no-op (already correct)"
"5e57bab6-11dc-4a14-8355-f748d8bd16ed","CNS Trauma Neuropathology: Fractures, Concussion & CTE","Year 3: General & Systemic Pathology","Year 3: Neuropathology","success"
"8d6d0fd0-fd97-4e51-a3af-d9b7d3df6788","CNS Malformations: NTDs, Spina Bifida & Anencephaly Guide","Year 3: General & Systemic Pathology","Year 3: Neuropathology","success"
"15738b26-7ee3-418f-8f67-200ea52cb681","Neurodegenerative Prion Diseases: CJD, Pathology & Rapid Dementia","Year 3: General & Systemic Pathology","Year 3: Neuropathology","success"
"1221cab3-aed5-4e10-b285-be7681d9596f","Haematology MCQs END YEAR 2025: Medical Student Exam Prep & Answers","Year 3: Hematology and Blood Transfusion","Year 3: Hematopathology","success"
"2b0ef5f6-f740-4e40-947a-7e37d575945d","Endocrine Choice of Diagrams","Year 3: General & Systemic Pathology","Year 3: Endocrine and Metabolic Pathology","success"
"3959b2df-052f-48d6-a788-28971fbdd2f8","Cerebral Edema, Hydrocephalus, Raised ICP & Brain Herniation Pathology","Year 3: General & Systemic Pathology","Year 3: Neuropathology","success"
"65e06c63-1c47-4dc8-8a5f-0faf30b2e8e6","General & Systemic Pathology Exam: MBChB Year 3 Questions","Year 3: Hematology and Blood Transfusion","Year 3: Hematopathology","success"
"b3645b00-b674-4194-9a4b-e2e4303354d5","Lymphoma Overview and Classification","Year 3: Hematology and Blood Transfusion","Year 3: Hematopathology","success"
"4f635594-1cbc-4007-a416-03df0f04708e","Bone & Cartilage Tumors: Osteoma to Osteosarcoma Pathology","Year 3: General & Systemic Pathology","Year 3: Bone and Soft Tissue Pathology","success"
"64058384-a7f1-412a-b6f7-64dbbb8be870","Cerebrovascular Disease: Stroke, Ischemia & Hemorrhage Explained","Year 3: General & Systemic Pathology","Year 3: Neuropathology","success"
"8758aae2-1de4-4fee-bd39-7e154705a14f","Cardiovascular & Respiratory Pathology: Atherosclerosis, RHD & MI Review","Year 3: General & Systemic Pathology","Year 3: Cardiovascular System Pathology","success"
"04e04ba7-73cc-46dc-93f0-96f0b98d7ac7","Quick Guide: Male Reproductive System Pathology, Testis, Penis","Year 3: General & Systemic Pathology","Year 3: Male Reproductive and Urinary System Pathology","success"
"422c5f2b-75dd-4369-8968-8fe4794b20d6","FSGS & HIV Nephropathy: Causes, Symptoms, Diagnosis & Prognosis","Year 3: General & Systemic Pathology","Year 3: Male Reproductive and Urinary System Pathology","success"
"324543fa-1375-425f-9a6d-9b55f0cf6a2b","Endocrine & Renal Pathology","Year 3: General & Systemic Pathology","Year 3: Endocrine and Metabolic Pathology","success"
"c8e226cc-5193-4730-b7f2-70c962bd771e","Master Bone & Soft Tissue Pathology: CAT 2 MCQs & Answers","Year 3: General & Systemic Pathology","Year 3: Bone and Soft Tissue Pathology","success"
"ea588569-cc68-464d-affd-73ab3a131161","Female Reproductive Pathology: HPV, Cancer, PCOS & Pregnancy","Year 3: General & Systemic Pathology","Year 3: Female Reproductive System Pathology","success"
"12d71bf7-98e0-40ba-9a80-92519ec7512f","Endocrine and Metabolic Pathology Course Outline and References","Year 3: General & Systemic Pathology","Year 3: Endocrine and Metabolic Pathology","success"
"779250a3-b0a5-4004-95b2-9172cc013f2f","Blood Grouping and Blood Typing","Year 3: Hematology and Blood Transfusion","Year 3: Blood Transfusion","success"
"e6c5eaa9-acdc-4047-9e77-cbc586ef08b9","LECTURE 4: Thyroid Hormones","Year 3: General & Systemic Pathology","Year 3: Endocrine and Metabolic Pathology","success"
"92f2b0f9-99a7-4349-8663-f04bc4951229","Bone & Soft Tissue Tumour Pathology: Must-Know Diagnoses","Year 3: General & Systemic Pathology","Year 3: Bone and Soft Tissue Pathology","success"
"f3438bd8-43df-452e-9109-36223fa1f2f2","Respiratory System Pathology 1A","Year 3: General & Systemic Pathology","Year 3: Respiratory System Pathology","success"
"a95a31da-273f-4718-a9c3-3ebc7d8ac64d","Lung Pathology — Must-Know","Year 3: General & Systemic Pathology","Year 3: Respiratory System Pathology","success"
"2e0c9564-762b-4369-a0fe-3139660d9c83","Endocrine & Renal Pathology — Must Know Notes","Year 3: General & Systemic Pathology","Year 3: Endocrine and Metabolic Pathology","success"
"630499ad-3a4c-4052-a6a6-2cf936b454c0","Pathology by Dr. Irungu","Year 3: General & Systemic Pathology","Year 3: Oncopathology","success"
"13eb910f-247b-422f-810a-8dc6b04333c8","White Cell Disorders — Must-Know Notes","Year 3: Hematology and Blood Transfusion","Year 3: Hematopathology","success"
"43093875-63a2-4e93-9217-af5d525d29f3","Hematologic Malignancies and Bleeding Disorders","Year 3: Hematology and Blood Transfusion","Year 3: Hematopathology","success"
"d6381565-892e-40c3-8cde-093f6542df0d","Blood Transfusion Medicine: An Exam-Focused Review","Year 3: Hematology and Blood Transfusion","Year 3: Blood Transfusion","success"
"cde01fca-fec6-49de-9b4e-7726a4d38e7b","MALE REPRODUCTIVE SYSTEM PATHOLOGY","Year 3: General & Systemic Pathology","Year 3: Male Reproductive and Urinary System Pathology","success"
"bf553699-2614-44ec-a209-80dbfdedcd13","VASCULAR PATHOLOGY — Must-Know Comprehensive Notes","Year 3: General & Systemic Pathology","Year 3: Cardiovascular System Pathology","success"
"27f16853-5416-4b75-aca1-ba875ef90076","Liver Tumors: Benign, Primary, and Secondary Malignancies Summary","Year 3: General & Systemic Pathology","Year 3: Gastrointestinal Pathology","success"
"6928f654-7580-444e-8aa6-ce5c383b45cc","GASTROINTESTINAL PATHOLOGY (Part 2)","Year 3: General & Systemic Pathology","Year 3: Gastrointestinal Pathology","success"
"d53fea41-7313-464b-b63b-e2393f3f585e","Dr. Irungu Notes","Year 3: General & Systemic Pathology","Year 3: Oncopathology","success"
"e5fddead-3212-46e0-8726-8cf3344641de","Gastrointestinal Neoplasms: High-Yield Exam Review","Year 3: General & Systemic Pathology","Year 3: Gastrointestinal Pathology","success"
"953933e9-3757-4d65-bc83-b898d01ba82c","Gastropathology Pathology","Year 3: General & Systemic Pathology","Year 3: Gastrointestinal Pathology","success"
"1bb6bd21-a4e2-4115-9962-92dc457b7cac","Tumours of the Gastrointestinal Tract","Year 3: General & Systemic Pathology","Year 3: Gastrointestinal Pathology","success"
"39b39d64-52b2-40c9-8bf2-d02ef1ba7b5d","Female & Male Genital Pathology: Ulcers, HPV, Endometriosis, Pre-eclampsia","Year 3: General & Systemic Pathology","Year 3: Female Reproductive System Pathology","success"
"47daa53a-f9b3-4a73-a34d-186b4f8fcb1e","Chemical Path, Long Answer and Short Answer","Year 3: Chemical Pathology","Year 3: Chemical Pathology","no-op (already correct)"
"8f6e9f23-1e3c-4e2a-b49e-d4fb01bfa3a9","Chemical Pathology Sem 1","Year 3: Chemical Pathology","Year 3: Chemical Pathology","no-op (already correct)"
"41afcd44-2890-40ac-b716-56da501d2e81","Clinical Anatomy of the Cerebral Cortex","Year 3: General & Systemic Pathology","Year 3: Neuropathology","success"
"63f95076-bb93-47b5-ae30-5492a1a59363","Congenital Hydrocephalus: Prenatal Diagnosis and Surgical Interventions","Year 3: General & Systemic Pathology","Year 3: Neuropathology","success"
"f15a1c6c-6b26-41ef-baae-044b27623061","Prefrontal Association Areas","Year 3: General & Systemic Pathology","Year 3: Neuropathology","success"
"6cd8fd6c-ddc3-4cba-a3cb-da6636b09c08","Ovarian & Colorectal Cancer: Risks, Pathogenesis, Staging","Year 3: General & Systemic Pathology","Year 3: Gastrointestinal Pathology","success"
"ba67f4bc-480e-40d1-90dc-f91bc27d0cfb","Chest X-ray Interpretation Guide: ABCDE Approach for Medical Students","Year 3: Clinical Techniques","Year 3: Introduction to Clinical Techniques","success"
"9a4e4df0-e574-4340-b0bd-1d6a06a6d16d","Heart Disease — Must Knows","Year 3: General & Systemic Pathology","Year 3: Cardiovascular System Pathology","success"
"91cfce23-4b62-4897-8203-dc421ee21d3f","Molecular Basis of Cancer: Cell Cycle, Apoptosis & Angiogenesis","Year 3: General & Systemic Pathology","Year 3: Oncopathology","success"
"4f9386c9-9fe1-411b-8a70-f423ce1433fb","📚 MEDICAL VIROLOGY & MYCOLOGY — MCQ BANK","Year 3: Medical Microbiology and Parasitology","Year 3: Medical Mycology","success"
"820d195d-b1ed-4003-8a2c-f74e55643dcc","Medical Vectors: Ticks, Trypanosomiasis, Leishmaniasis & More","Year 3: Medical Microbiology and Parasitology","Year 3: Parasitology","success"
"1bdcb672-529f-4edf-afef-f655e4c0ec70","Genetic Disorders Pathology Crash Course: Exam Revision Notes","Year 3: General & Systemic Pathology","Year 3: Genetic Disorders","success"
"faf53085-1ae7-4526-9268-f43da86d418d","Cranial Nerves, Eye Exam & Vital Signs: MBChB Clinical Revision","Year 3: Clinical Techniques","Year 3: Introduction to Clinical Techniques","success"
"dd5e2517-1aea-42a5-aeaa-a87fefd0abb5","Male Reproductive & Urinary Tract Pathology MCQs | MKU Year 3 Medicine","Year 3: General & Systemic Pathology","Year 3: Male Reproductive and Urinary System Pathology","success"
"dd5ddfef-9f38-4cc4-a902-c0106e8eade9","Mycology Revision: Fungal Infections, Histoplasmosis & Cryptococcosis","Year 3: Medical Microbiology and Parasitology","Year 3: Medical Mycology","success"
"b18ab108-fb14-4104-ae1a-1f4d43587b50","Cat. Pathology: Acute Inflammation, Mediators & Pulmonary Embolism","Year 3: General & Systemic Pathology","Year 3: General Pathology","success"
"9788f43d-af8c-4129-9aa2-830d355700d9","Exam Prep: Skin Infections, Psoriasis & Pemphigus","Year 3: General & Systemic Pathology","Year 3: Dermatopathology","success"
"008016d2-1005-4583-a061-a163f9833d4b","Streptococcus Classification, S. pyogenes, Rheumatic Fever, AGN","Year 3: Medical Microbiology and Parasitology","Year 3: Bacteriology","success"
"370992f8-1b16-402c-9049-2ae71ba57e1c","Chemical Pathology MCQs: Clinical Chemistry, Endocrine & Renal","Year 3: Chemical Pathology","Year 3: Chemical Pathology","no-op (already correct)"
"cbdf513e-1dd7-4e90-840e-2bc27aaee18f","Year 3: Haematology and Blood Transfusion Pathology","Year 3: Hematology and Blood Transfusion","Year 3: Hematopathology","success"
"9233b281-513d-4f0e-994f-ee9c43aa6103","Medical Bacteriology MCQs: Review Strep, TB, Anthrax & More","Year 3: Medical Microbiology and Parasitology","Year 3: Bacteriology","success"
"53e948b2-60ac-45fe-b1d3-573b242a19b0","Haematology Exam 2025: MCQs on Anaemia, Leukaemia & Clotting","Year 3: Hematology and Blood Transfusion","Year 3: Hematopathology","success"
"aea2eaae-da5e-4c96-9090-161aa98177c7","Medical Entomology & Parasitology Quiz Q&A","Year 3: Medical Microbiology and Parasitology","Year 3: Parasitology","success"
"cdb4d91d-c68d-4a3e-942d-dd7c944dc880","Hematology & Blood Transfusion Pathology: MDS, Stem Cell Transplant","Year 3: Hematology and Blood Transfusion","Year 3: Hematopathology","success"
"706fa39f-ff3c-4c39-95fa-256c6c217451","Pathology Spot Exam Revision: Lymphoma, Adenoma, Appendicitis, FISH","Year 3: Clinical Techniques","Year 3: Spot/Practical Examination","success"
"2eeef818-c0aa-45c1-a985-d8c3a1c3975a","Medical Virology Exam Notes: Pathogenesis, HSV, CMV, Hepatitis, Flu","Year 3: Medical Microbiology and Parasitology","Year 3: Medical Virology","success"
"554de000-23c7-42c3-a99e-b475cce2e505","EXAM NOTES: VIROLOGY YR3","Year 3: Medical Microbiology and Parasitology","Year 3: Medical Virology","success"
"d208bf62-aa26-4668-bd60-384fd855c51e","EXAM: Influenza, Viral Receptors & Spikes, Interferons, and Viral Pathogenesis","Year 3: Medical Microbiology and Parasitology","Year 3: Medical Virology","success"
"57cedf32-6e21-4df0-a6ae-2d3c81b6e0f0","EXAM: Basic Virology, Viral Replication, Prions & Slow Viruses, Poxviruses & VZV","Year 3: Medical Microbiology and Parasitology","Year 3: Medical Virology","success"
"115ab96f-61ee-454c-8ea7-a2518f0578f6","EXAM: Spot/Practical Examination","Year 3: Clinical Techniques","Year 3: Spot/Practical Examination","success"
"48c72126-7f3a-447e-9b9a-7631632d78c5","Haematology Revision: Haematopoiesis, Anaemia & IDA Guide","Year 3: Hematology and Blood Transfusion","Year 3: Hematopathology","success"
"32d6141b-af76-42cf-b8bc-30e1f095ea36","","Year 3: Hematology and Blood Transfusion","Year 3: Blood Transfusion","success"
"8e304d73-61e0-4016-a340-41bbcceb8b85","Essential Medical Virology: Structure, Classification & Replication","Year 3: Medical Microbiology and Parasitology","Year 3: Medical Virology","success"
"ee837240-29c1-4326-bd96-9044973fd0d9","KIDNEY FUNCTION TESTS &amp; GASTRIC FUNCTION","Year 3: Chemical Pathology","Year 3: Clinical Chemistry","success"
"f39e50af-cef9-45fa-bc4a-3bc6f274b1b0","Neuropathology: CNS Neuronal & Astrocyte Injury Reactions","Year 3: General & Systemic Pathology","Year 3: Neuropathology","success"
"2bf2b760-1f7b-4ceb-9706-2d48021afc61","Neuroanatomy and Brain Metabolism","Year 3: General & Systemic Pathology","Year 3: Neuropathology","success"
"debe9cfe-b489-4acb-900c-93a1aca541c7","LECTURE 1: Principles of Endocrinology","Year 3: General & Systemic Pathology","Year 3: Endocrine and Metabolic Pathology","success"
"2b6584eb-2323-4db3-990f-85138828a1cc","Pharmacology Cheat Code","Year 3: Basic Pharmacology","Year 3: Basic Pharmacology","no-op (already correct)"
"f18fa6cb-76d8-4403-812f-88213fb76ffa","CRUSH COURSE YEAR 3 SEM 1 WORK (Part 1) ","Year 3: Chemical Pathology","Year 3: Clinical Chemistry","success"
"791a83e4-6bdb-417d-87e0-774990888a3f","Obesity Types, Causes and Treatments","Year 3: General & Systemic Pathology","Year 3: Endocrine and Metabolic Pathology","success"
"aa80da6c-f516-42b2-a9e2-196682594bc8","Oncopathology And Genetic Disorders End Sem Cat","Year 3: General & Systemic Pathology","Year 3: Genetic Disorders","success"
"7f8d6102-fe3f-4752-a226-6b1370420b35","VASCULAR PATHOLOGY — Must-Know Notes","Year 3: General & Systemic Pathology","Year 3: Cardiovascular System Pathology","success"
"4b5f904e-ea92-4732-b3e5-dd1f589db48f","COMPREHENSIVE BASIC PHARMACOLOGY - 120 CHALLENGING MCQs","Year 3: Basic Pharmacology","Year 3: Basic Pharmacology","no-op (already correct)"
"96eb9450-a0e7-401d-b5ec-dbf8d0b17d42","Basic Pharmacology - Study Guide","Year 3: Basic Pharmacology","Year 3: Basic Pharmacology","no-op (already correct)"
"fa8ac930-6e96-4732-9167-77c21ac6eba7","ONCOPATHOLOGY - 30 KEY SHORT ANSWER QUESTIONS Hallmarks 1,2 &amp; 3","Year 3: General & Systemic Pathology","Year 3: Oncopathology","success"
"3caafd28-a84d-4495-9281-32d9acda913d","","Year 3: General & Systemic Pathology","Year 3: Male Reproductive and Urinary System Pathology","success"
"a26c5e3e-79eb-475e-9910-58b207a5413d","Biochemical Endocrinology, MBMB2234: Neurochemistry","Year 3: General & Systemic Pathology","Year 3: Endocrine and Metabolic Pathology","success"
"c9534b2e-5343-417b-a269-8f7ada0d44c0","General Pathology Q&amp;A","Year 3: General & Systemic Pathology","Year 3: General Pathology","success"
"901655db-b9ee-4e89-afb9-adefe31d2590","Pharmco Notes","Year 3: Basic Pharmacology","Year 3: Basic Pharmacology","no-op (already correct)"
"e89cc675-7eb8-42c2-b021-241126472bd1","MBPL3621 Introduction to Pharmacology Quiz 1","Year 3: Basic Pharmacology","Year 3: Basic Pharmacology I","success"
"7f7aa944-e1df-4404-ac24-3025558518f9","🫀 VALVULAR HEART DISEASE — ULTRA DEEP NOTES","Year 3: General & Systemic Pathology","Year 3: Cardiovascular System Pathology","success"
"c69a56b6-4e6e-4e81-bf59-cde7fb4e7f34","Endocrine and Metabolic Pathology MCQs: Practice Questions","Year 3: General & Systemic Pathology","Year 3: Endocrine and Metabolic Pathology","success"
"1fdb0622-5e2f-4f88-81d3-9f0abef8d359","Inflammation and Tissue Repair - MCQs","Year 3: General & Systemic Pathology","Year 3: General Pathology","success"
"cb17dd01-18e8-4a33-b4ac-76aeedd53e2c","Pharmacology CRASH Course","Year 3: Basic Pharmacology","Year 3: Basic Pharmacology III","success"
"c2b9c790-26af-41fd-b5c2-01c27380fa81","","Year 3: Chemical Pathology","Year 3: Clinical Chemistry","success"
"5c815f8a-1046-4fca-bb3c-f5873435d072","Endocrine and Metabolic Pathology MCQs for Medical Students","Year 3: General & Systemic Pathology","Year 3: Endocrine and Metabolic Pathology","success"
"86afc1e0-2a5e-429e-87f2-43bcbf654610","MBChB Clinical Exam: Cranial Nerves, Resp & Abdominal Skills","Year 3: Clinical Techniques","Year 3: Introduction to Clinical Techniques","success"
"087bd6a6-36f6-48b6-96d5-077cb2844840","Hematopathology MCQs & Essays: MBChB Exam Revision Guide","Year 3: Hematology and Blood Transfusion","Year 3: Hematopathology","success"
"7cd72a72-6794-4fcc-a54a-9b9cf7b36a63","Dr. Orata Haematology MCQs: Past Paper Questions & Answers","Year 3: Hematology and Blood Transfusion","Year 3: Hematopathology","success"
"05730379-3a50-4d3f-b9b4-4633b675ec2c","Medical MCQs: Chemical Pathology & Haematology Exam Review","Year 3: General & Systemic Pathology","Year 3: General Pathology","success"
"1badb62d-24d0-45fd-858e-2dbadd531b58","CNS & Abdominal Exam: Clinical Techniques, History & Neurology","Year 3: Clinical Techniques","Year 3: Introduction to Clinical Techniques","success"
"a07be859-2089-47e0-a864-8201284b32af","Medical Mycology Q&A: Fungal Pathogens, Drugs, & Diseases","Year 3: Medical Microbiology and Parasitology","Year 3: Medical Mycology","success"
"d267894d-7e44-4048-b978-8132818f526c","CVS History & Physical Exam: Symptoms, Chest Pain & Syncope","Year 3: Clinical Techniques","Year 3: Clinical Techniques","no-op (already correct)"
"a69b0ce3-04dd-410e-b67c-aef3375880b9","CNS History Taking & Neurological Exam Guide | Clinical Skills","Year 3: Clinical Techniques","Year 3: Clinical Techniques","no-op (already correct)"
"682c1d25-3d6d-4508-9f72-b7304d27cdec","Complete Nutrition Science: Macronutrients & Health Foundations","Year 3: Nutrition and Dietetics","Year 3: Nutrition and Dietetics","no-op (already correct)"
"44fc681f-a206-4dd3-a5ba-22b7b1a38919","Clinical Nutrition & Dietetics: Exam Review & Core Concepts","Year 3: Nutrition and Dietetics","Year 3: Nutrition and Dietetics","no-op (already correct)"
"425c7c46-cf0a-4b37-b66b-7bf911b9cdaa","Mastering Community Health: Diagnosis, Indicators & Care Strategies","Year 3: Community Health","Year 3: Community Health","no-op (already correct)"
"cd769b67-4dcd-4814-bd15-50ad6c9989dc","Aplastic Anemia: Causes, Symptoms & Treatment | Hematology","Year 3: Hematology and Blood Transfusion","Year 3: Hematopathology","success"
"7c1cc27d-4cbf-4bba-8a0f-32aa9a6e1b2d","Acute Leukaemia (AML/ALL) & WBC Disorders: Hematology Guide","Year 3: Hematology and Blood Transfusion","Year 3: Hematopathology","success"
"499e2e1f-0b3d-4a44-be8b-acc0f89af7ac","CELLULAR INJURY AND ADAPTATION MCQs","Year 3: General & Systemic Pathology","Year 3: General Pathology","success"
"a15874d0-3082-4e8e-8783-520e71372e63","Blood Transfusion Guide: ABO, Reactions, Products & Safety","Year 3: Hematology and Blood Transfusion","Year 3: Blood Transfusion","success"
"09b36161-b456-49e2-9274-0463a236aecb","High-Yield Clinical Exam Notes: Cranial Nerves, Respiratory, Cardio","Year 3: Clinical Techniques","Year 3: Introduction to Clinical Techniques","success"
"8544c7a9-8ff7-4418-a282-ddf5f2978c24","CRUSH COURSE (PART 2) Clinical Chem Patho","Year 3: Chemical Pathology","Year 3: Clinical Chemistry","success"
"cb640a0a-7fc6-4c0f-bb17-e701fc6d7626","CRASH COURSE PART 3 CHEMICAL PATHO","Year 3: Chemical Pathology","Year 3: Clinical Chemistry","success"
"7f72709b-62ae-4234-b0b6-478d053ac684","ACID-BASE DISORDERS - CLINICAL CASE MCQs","Year 3: Chemical Pathology","Year 3: Clinical Chemistry","success"
"e2f0610f-8534-4830-adcf-467f33b027b0","50 Multiple Choice Questions","Year 3: General & Systemic Pathology","Year 3: General Pathology","success"
"72488117-a7e1-4c85-9812-3f609eb13b8c","Chemical Pathology","Year 3: Hematology and Blood Transfusion","Year 3: Hematopathology","success"
"88e06805-a632-4109-bf3d-0bb895aec903","ACIDOSIS AND ALKALOSIS MCQs","Year 3: Chemical Pathology","Year 3: Clinical Chemistry","success"
"076c3be4-52e9-4c52-ba8c-cfe55d9d4491","Non-Hodgkin Lymphoma: Classification, Symptoms, Diagnosis, and Treatment","Year 3: Hematology and Blood Transfusion","Year 3: Hematopathology","success"
"22888b16-2692-490d-b7d9-2744c58bda25","Defects in DNA Repair and Replication","Year 3: General & Systemic Pathology","Year 3: Genetic Disorders","success"
"99e6fa6d-0567-4972-a637-96e100819790","Outline of Female Reproductive Pathology","Year 3: General & Systemic Pathology","Year 3: Female Reproductive System Pathology","success"
"7a528db0-4b22-4d38-a889-0b66d3109b7b","Skin & Breast Pathology MCQs: Dermatological Lesions & Diseases","Year 3: General & Systemic Pathology","Year 3: Dermatopathology","success"
"69cdc7a8-1b2a-441a-ab60-9956fd966818","INTRODUCTION TO NEOPLASIA MCQs","Year 3: General & Systemic Pathology","Year 3: General Pathology","success"
"a9f7c42f-1831-49af-8ea1-29172e7a15b5","ONCOPATHOLOGY MCQ EXAMINATION HAllmarks of Cancer 1,2 &amp;3","Year 3: General & Systemic Pathology","Year 3: Oncopathology","success"
"b144c6eb-9d22-48a0-b811-93c6ddda1786","General Pathology","Year 3: General & Systemic Pathology","Year 3: General Pathology","success"
"3760740f-f17c-45e1-ab0e-4942df60d09c","Neurochemistry Test – Questions and Answers","Year 3: Chemical Pathology","Year 3: Chemical Pathology","no-op (already correct)"
"74c68d06-4cda-4429-b6b4-a82444456bf3","MBPL3822 Chemotherapy CAT 1 MCQs","Year 3: Basic Pharmacology","Year 3: Basic Pharmacology II","success"
"6f718a71-1dba-4e1c-be05-7ec825034b7c","MKU MBChB Year III Exam Timetable: Medicine & Surgery Revision 2026","Year 3: Reference","(unchanged - no unit)","skipped"
"e9981bb9-6fe6-492d-b5f1-dd73553fac9a","Department Of Pathology","Year 3: Reference","(unchanged - no unit)","skipped"
"54d3293c-53b6-402f-9f93-506be2299bfb","Looking back at the document, I need to check if I've covered all questions. Let me verify:","Year 3: General Pathology","(unchanged - no unit)","skipped"
"3dd714bb-9dee-463a-86da-4947519713c9","MKU MBChB Year 3 Exams 2026: Timetable, Pathology, Microbiology","Year 3: Reference","(unchanged - no unit)","skipped"